,diff rewr-orig
0,0.04507327079772949
1,0.04466652870178223
2,0.047213077545166016
3,0.046608686447143555
4,0.04537844657897949
5,0.04721331596374512
6,0.044968605041503906
7,0.04457235336303711
8,0.04503655433654785
9,0.30559587478637695
10,0.28905653953552246
11,0.3058598041534424
12,0.3124411106109619
13,0.3024628162384033
14,0.30512118339538574
15,0.08066511154174805
16,0.08081603050231934
17,0.08373689651489258
18,0.30138683319091797
19,0.3003661632537842
20,0.28464722633361816
21,0.29996252059936523
22,0.2912137508392334
23,0.2889137268066406
24,0.2859508991241455
25,0.28847694396972656
26,0.3010742664337158
27,0.05409669876098633
28,0.055985212326049805
29,0.05219268798828125
30,0.05302858352661133
31,0.04926705360412598
32,0.0509037971496582
33,0.053281307220458984
34,0.051943063735961914
35,0.05105185508728027
36,0.0564119815826416
37,0.05439925193786621
38,0.05354785919189453
39,0.05418705940246582
40,0.05482339859008789
41,0.054145097732543945
42,0.044883012771606445
43,0.04649996757507324
44,0.044722795486450195
45,0.21035313606262207
46,0.18769526481628418
47,0.21437406539916992
48,0.19376420974731445
49,0.22010326385498047
50,0.20890545845031738
51,0.21587467193603516
52,0.21623563766479492
53,0.2089834213256836
54,0.19086456298828125
55,0.1744976043701172
56,0.17957019805908203
57,0.17725539207458496
58,0.17600655555725098
59,0.18813800811767578
60,0.181168794631958
61,0.19759440422058105
62,0.19093561172485352
63,0.12839126586914062
64,0.12973570823669434
65,0.12941980361938477
66,0.12118792533874512
67,0.12147259712219238
68,0.11996841430664062
69,0.1242225170135498
70,0.12232613563537598
71,0.12306070327758789
72,0.19054102897644043
73,0.19305849075317383
74,0.19433069229125977
75,0.1938612461090088
76,0.19388723373413086
77,0.19174933433532715
78,0.19325590133666992
79,0.19397807121276855
80,0.19308829307556152
81,0.2824394702911377
82,0.2847273349761963
83,0.282421350479126
84,0.2657463550567627
85,0.29555630683898926
86,0.2908649444580078
87,0.041880130767822266
88,0.04403042793273926
89,0.04082512855529785
90,0.20945525169372559
91,0.2190108299255371
92,0.21156835556030273
93,0.22394561767578125
94,0.2238004207611084
95,0.22501850128173828
96,0.21138811111450195
97,0.21179485321044922
98,0.21858668327331543
99,0.137406587600708
100,0.13114452362060547
101,0.13174915313720703
102,0.1387193202972412
103,0.125654935836792
104,0.13579082489013672
105,0.036750078201293945
106,0.03690314292907715
107,0.03895998001098633
108,0.304394006729126
109,0.30551719665527344
110,0.34956908226013184
111,0.3001258373260498
112,0.3246462345123291
113,0.3037109375
114,0.30127549171447754
115,0.2722921371459961
116,0.29083800315856934
117,-0.04571223258972168
118,-0.039633989334106445
119,-0.04140305519104004
120,-0.04071760177612305
121,-0.04072117805480957
122,-0.052620649337768555
123,-0.04232001304626465
124,-0.04385995864868164
125,-0.04271411895751953
126,0.19666790962219238
127,0.19547247886657715
128,0.207716703414917
129,0.16179347038269043
130,0.17917275428771973
131,0.16855716705322266
132,0.1147468090057373
133,0.10879182815551758
134,0.1151571273803711
135,0.2618722915649414
136,0.26593589782714844
137,0.26676106452941895
138,0.1740860939025879
139,0.17221379280090332
140,0.1760876178741455
141,0.2599022388458252
142,0.2647819519042969
143,0.26766157150268555
144,0.15610575675964355
145,0.15743279457092285
146,0.1403179168701172
147,0.13927698135375977
148,0.15994000434875488
149,0.15349483489990234
150,0.14390325546264648
151,0.13783574104309082
152,0.11981201171875
153,0.3024466037750244
154,0.3009786605834961
155,0.311856746673584
156,0.29616641998291016
157,0.27915096282958984
158,0.2981445789337158
159,0.30715513229370117
160,0.29097938537597656
161,0.3085315227508545
162,0.1512312889099121
163,0.15855908393859863
164,0.14812684059143066
165,0.20138144493103027
166,0.21654391288757324
167,0.18829941749572754
168,0.019234895706176758
169,0.020802021026611328
170,0.018368005752563477
171,0.11169981956481934
172,0.11057829856872559
173,0.1075906753540039
174,0.11737322807312012
175,0.11290478706359863
176,0.11419963836669922
177,0.08583569526672363
178,0.08678865432739258
179,0.08522963523864746
180,0.1534428596496582
181,0.153428316116333
182,0.15135598182678223
183,0.1495511531829834
184,0.14803600311279297
185,0.14806318283081055
186,0.15220904350280762
187,0.15346574783325195
188,0.15211796760559082
189,0.2208726406097412
190,0.22989892959594727
191,0.2172105312347412
192,0.1311042308807373
193,0.1326286792755127
194,0.13042235374450684
195,0.1096189022064209
196,0.1083669662475586
197,0.10698723793029785
198,0.188981294631958
199,0.1845557689666748
200,0.18372726440429688
201,0.1898972988128662
202,0.18437600135803223
203,0.18358874320983887
204,0.12941956520080566
205,0.12812352180480957
206,0.1335761547088623
207,0.09289693832397461
208,0.09216856956481934
209,0.093048095703125
210,0.09080123901367188
211,0.09029054641723633
212,0.08988094329833984
213,0.0830545425415039
214,0.03670382499694824
215,0.3176600933074951
216,0.3231213092803955
217,0.32115983963012695
218,0.3182806968688965
219,0.32483673095703125
220,0.3166961669921875
221,0.3311285972595215
222,0.3062911033630371
223,0.3190305233001709
224,-0.16150784492492676
225,-0.16085362434387207
226,-0.17522692680358887
227,-0.17724204063415527
228,-0.16298627853393555
229,-0.16464757919311523
230,-0.16633939743041992
231,-0.17187237739562988
232,-0.1679399013519287
233,0.3483853340148926
234,0.33722710609436035
235,0.3142242431640625
236,0.041852474212646484
237,0.04078507423400879
238,0.040891170501708984
239,0.3341684341430664
240,0.3349037170410156
241,0.3495795726776123
242,0.1765751838684082
243,0.17178893089294434
244,0.1688096523284912
245,0.1537940502166748
246,0.15526056289672852
247,0.16378211975097656
248,0.12415742874145508
249,0.12182784080505371
250,0.12890982627868652
251,0.3067433834075928
252,0.30426907539367676
253,0.31558704376220703
254,0.2630460262298584
255,0.2703728675842285
256,0.26090455055236816
257,0.3218224048614502
258,0.30873560905456543
259,0.3155863285064697
260,0.25855374336242676
261,0.2602825164794922
262,0.26804113388061523
263,0.11820602416992188
264,0.11948251724243164
265,0.1212015151977539
266,0.13903474807739258
267,0.14133334159851074
268,0.13987207412719727
269,0.43632030487060547
270,0.4452354907989502
271,0.4259490966796875
272,0.4799842834472656
273,0.47499513626098633
274,0.4798007011413574
275,0.08579349517822266
276,0.08536672592163086
277,0.08574151992797852
278,0.20189309120178223
279,0.18744707107543945
280,0.2070446014404297
281,0.1855638027191162
282,0.19364118576049805
283,0.18898582458496094
284,0.21184158325195312
285,0.17206430435180664
286,0.20936226844787598
287,0.1708848476409912
288,0.17294883728027344
289,0.17688870429992676
290,0.17237448692321777
291,0.17648673057556152
292,0.1683969497680664
293,0.1590414047241211
294,0.15361261367797852
295,0.15697741508483887
296,0.414074182510376
297,0.41208696365356445
298,0.41542720794677734
299,0.23087048530578613
300,0.2360999584197998
301,0.22157001495361328
302,0.4024498462677002
303,0.40089845657348633
304,0.40169811248779297
305,0.4011561870574951
306,0.4098966121673584
307,0.3965473175048828
308,0.3930957317352295
309,0.39518237113952637
310,0.39316248893737793
311,0.17789340019226074
312,0.16870498657226562
313,0.17763209342956543
314,0.17042994499206543
315,0.17079520225524902
316,0.17061448097229004
317,0.1734619140625
318,0.176177978515625
319,0.17090821266174316
320,0.16990280151367188
321,0.17782831192016602
322,0.17800116539001465
323,0.1736464500427246
324,0.16684460639953613
325,0.1672813892364502
326,0.16565942764282227
327,0.17328715324401855
328,0.17461180686950684
329,0.046041011810302734
330,0.04554557800292969
331,0.04390978813171387
332,0.46633338928222656
333,0.4534482955932617
334,0.4574851989746094
335,0.4952561855316162
336,0.49087977409362793
337,0.4929981231689453
338,0.4606947898864746
339,0.46469879150390625
340,0.4673428535461426
341,0.5316345691680908
342,0.5298261642456055
343,0.5381166934967041
344,0.5461301803588867
345,0.5423362255096436
346,0.5517482757568359
347,0.18197274208068848
348,0.1867663860321045
349,0.186445951461792
350,0.362058162689209
351,0.3828012943267822
352,0.3464179039001465
353,0.3432738780975342
354,0.3456742763519287
355,0.3485746383666992
356,0.3486926555633545
357,0.386646032333374
358,0.357288122177124
359,0.08045578002929688
360,0.07035279273986816
361,0.08096170425415039
362,0.4252171516418457
363,0.42327117919921875
364,0.4240145683288574
365,1.273144245147705
366,1.2769420146942139
367,1.2744865417480469
368,0.4383721351623535
369,0.421433687210083
370,0.42587733268737793
371,0.4197242259979248
372,0.4065895080566406
373,0.41655540466308594
374,0.03419327735900879
375,0.034116506576538086
376,0.03141617774963379
377,0.41728949546813965
378,0.41112375259399414
379,0.41248202323913574
380,0.41653943061828613
381,0.4137232303619385
382,0.4287741184234619
383,0.40959668159484863
384,0.4226255416870117
385,0.41133928298950195
386,0.38649582862854004
387,0.3896141052246094
388,0.3856983184814453
389,0.4018831253051758
390,0.433168888092041
391,0.4150114059448242
392,0.4262375831604004
393,0.430621862411499
394,0.4357130527496338
395,0.3995356559753418
396,0.39908885955810547
397,0.4081554412841797
398,0.17245745658874512
399,0.18757843971252441
400,0.1691906452178955
401,0.08996248245239258
402,0.08988142013549805
403,0.09032821655273438
404,0.1322183609008789
405,0.15242528915405273
406,0.1376047134399414
407,0.37320733070373535
408,0.36006712913513184
409,0.3803267478942871
410,0.2477262020111084
411,0.2488086223602295
412,0.2540152072906494
413,0.2395942211151123
414,0.2530970573425293
415,0.23749780654907227
416,0.473116397857666
417,0.46717238426208496
418,0.46649622917175293
419,0.4936082363128662
420,0.4858534336090088
421,0.47055768966674805
422,0.4724745750427246
423,0.45478248596191406
424,0.4677917957305908
425,-0.557032585144043
426,-0.5487210750579834
427,-0.5444900989532471
428,-0.5191419124603271
429,-0.5205528736114502
430,-0.5327632427215576
431,-0.5488810539245605
432,-0.5490303039550781
433,-0.5481693744659424
434,0.20321273803710938
435,0.20235085487365723
436,0.20082473754882812
437,0.20871949195861816
438,0.20070695877075195
439,0.19816827774047852
440,0.04176068305969238
441,0.04260587692260742
442,0.0411686897277832
443,0.2637765407562256
444,0.26027798652648926
445,0.2765018939971924
446,0.23630714416503906
447,0.22339749336242676
448,0.2545931339263916
449,0.25269436836242676
450,0.23730802536010742
451,0.25045013427734375
452,0.2532191276550293
453,0.25313735008239746
454,0.25275087356567383
455,0.23637914657592773
456,0.23672795295715332
457,0.24194121360778809
458,0.25500988960266113
459,0.2603640556335449
460,0.2608327865600586
461,0.43310546875
462,0.4308664798736572
463,0.3946418762207031
464,0.426267147064209
465,0.3968393802642822
466,0.4207274913787842
467,0.4012923240661621
468,0.3928670883178711
469,0.39641761779785156
470,0.4409499168395996
471,0.4353032112121582
472,0.4454526901245117
473,0.21185898780822754
474,0.21413588523864746
475,0.21224188804626465
476,0.4432382583618164
477,0.4505119323730469
478,0.44449567794799805
479,0.1526474952697754
480,0.166672945022583
481,0.17166543006896973
482,0.14930987358093262
483,0.17055535316467285
484,0.15679574012756348
485,0.11072874069213867
486,0.12082362174987793
487,0.10021638870239258
488,0.20879292488098145
489,0.2223367691040039
490,0.2111191749572754
491,0.023677587509155273
492,-0.003179311752319336
493,-0.017876625061035156
494,0.14550471305847168
495,0.14804887771606445
496,0.15322256088256836
497,0.22142672538757324
498,0.2119312286376953
499,0.21074581146240234
500,0.2154848575592041
501,0.2180194854736328
502,0.21101045608520508
503,0.010367155075073242
504,0.010490179061889648
505,0.009951353073120117
506,0.31184911727905273
507,0.3193027973175049
508,0.3324460983276367
509,0.321779727935791
510,0.34796977043151855
511,0.3369910717010498
512,0.06312036514282227
513,0.06429314613342285
514,0.06287741661071777
515,0.5635929107666016
516,0.5758512020111084
517,0.5652694702148438
518,0.19951796531677246
519,0.2036294937133789
520,0.20185542106628418
521,0.5794084072113037
522,0.5959618091583252
523,0.5823912620544434
524,0.11634635925292969
525,0.10328507423400879
526,0.12468624114990234
527,0.14610648155212402
528,0.17035818099975586
529,0.1620171070098877
530,0.10120773315429688
531,0.11955618858337402
532,0.1124885082244873
533,0.48653626441955566
534,0.492112398147583
535,0.46783995628356934
536,0.4727516174316406
537,0.48231935501098633
538,0.47822999954223633
539,0.07974815368652344
540,0.07778811454772949
541,0.0773935317993164
542,0.22955060005187988
543,0.22617816925048828
544,0.23695135116577148
545,0.24572300910949707
546,0.2513420581817627
547,0.23644399642944336
548,0.36606621742248535
549,0.36613941192626953
550,0.3564164638519287
551,0.1699352264404297
552,0.1647806167602539
553,0.16313791275024414
554,-0.09245896339416504
555,-0.07386493682861328
556,-0.10674762725830078
557,-0.006554365158081055
558,-0.013469457626342773
559,-0.008307695388793945
560,0.19811391830444336
561,0.19263744354248047
562,0.19744515419006348
563,0.11723208427429199
564,0.11649584770202637
565,0.11777734756469727
566,0.2076258659362793
567,0.19582104682922363
568,0.1997382640838623
569,0.14246129989624023
570,0.14104175567626953
571,0.13983774185180664
572,0.006506919860839844
573,0.005334615707397461
574,0.005136966705322266
575,0.09414982795715332
576,0.09460091590881348
577,0.09396648406982422
578,0.22465944290161133
579,0.2262415885925293
580,0.2224903106689453
581,0.33011579513549805
582,0.33203887939453125
583,0.3319430351257324
584,0.30551838874816895
585,0.2961921691894531
586,0.30608677864074707
587,0.18131566047668457
588,0.17920899391174316
589,0.18555450439453125
590,0.16530776023864746
591,0.17780494689941406
592,0.17940545082092285
593,0.15075945854187012
594,0.13515925407409668
595,0.1680307388305664
596,0.20702648162841797
597,0.20682644844055176
598,0.21168780326843262
599,0.2107539176940918
600,0.21036171913146973
601,0.21366095542907715
602,0.20687413215637207
603,0.21750760078430176
604,0.2054157257080078
605,0.10237860679626465
606,0.014515399932861328
607,0.10334563255310059
608,0.1850137710571289
609,0.17937207221984863
610,0.17528390884399414
611,0.176649808883667
612,0.1769239902496338
613,0.1791839599609375
614,0.16217780113220215
615,0.1579132080078125
616,0.17241859436035156
617,0.1260225772857666
618,0.12161397933959961
619,0.1239938735961914
620,0.08691883087158203
621,0.07957077026367188
622,0.09413313865661621
623,0.0952308177947998
624,0.10001373291015625
625,0.0959162712097168
626,0.29982471466064453
627,0.3074352741241455
628,0.32850074768066406
629,0.44856834411621094
630,0.46237921714782715
631,0.44823789596557617
632,0.3951270580291748
633,0.4092438220977783
634,0.4192228317260742
635,0.41053295135498047
636,0.4322028160095215
637,0.40457892417907715
638,0.3296959400177002
639,0.32166624069213867
640,0.3876194953918457
641,0.42951107025146484
642,0.4361286163330078
643,0.43430089950561523
644,0.19782757759094238
645,0.20562291145324707
646,0.2066481113433838
647,0.15441393852233887
648,0.15491724014282227
649,0.15602731704711914
650,0.20547223091125488
651,0.19103384017944336
652,0.2011110782623291
653,0.31978893280029297
654,0.30761146545410156
655,0.3144805431365967
656,0.3012375831604004
657,0.338608980178833
658,0.318587064743042
659,0.32404565811157227
660,0.3432292938232422
661,0.3608546257019043
662,0.05541276931762695
663,0.02564859390258789
664,0.005694389343261719
665,0.1954805850982666
666,0.2076129913330078
667,0.21196579933166504
668,0.19798660278320312
669,0.1899862289428711
670,0.1927173137664795
671,0.15639925003051758
672,0.15848994255065918
673,0.15744376182556152
674,0.15008759498596191
675,0.1562502384185791
676,0.14820027351379395
677,0.211029052734375
678,0.1945791244506836
679,0.2066667079925537
680,0.15554213523864746
681,0.16180133819580078
682,0.1604931354522705
683,0.18304967880249023
684,0.17767572402954102
685,0.18007564544677734
686,0.08130574226379395
687,0.08060717582702637
688,0.0806272029876709
689,0.12632060050964355
690,0.13211584091186523
691,0.13151884078979492
692,0.27867794036865234
693,0.27657389640808105
694,0.2864687442779541
695,0.2789320945739746
696,0.2723972797393799
697,0.26729297637939453
698,0.2827003002166748
699,0.2752401828765869
700,0.2699849605560303
701,0.449770450592041
702,0.45255136489868164
703,0.4386270046234131
704,0.4335606098175049
705,0.4493875503540039
706,0.43790721893310547
707,0.17229652404785156
708,0.17328977584838867
709,0.1703939437866211
710,0.15021181106567383
711,0.1405489444732666
712,0.15090346336364746
713,0.0626220703125
714,0.06121659278869629
715,0.06190776824951172
716,0.14354991912841797
717,0.1539764404296875
718,0.15537142753601074
719,0.23474526405334473
720,0.2393651008605957
721,0.2097477912902832
722,0.22800636291503906
723,0.23209357261657715
724,0.22039246559143066
725,0.24055123329162598
726,0.23046302795410156
727,0.2352149486541748
728,0.11017084121704102
729,0.09300732612609863
730,0.09129118919372559
731,0.1866283416748047
732,0.19068026542663574
733,0.19388222694396973
734,0.07668805122375488
735,0.08219122886657715
736,0.08156394958496094
737,0.25843381881713867
738,0.2567732334136963
739,0.2640190124511719
740,0.16473126411437988
741,0.1646881103515625
742,0.16457223892211914
743,0.25765419006347656
744,0.26479673385620117
745,0.24687910079956055
746,0.1207115650177002
747,0.12294435501098633
748,0.11260128021240234
749,0.10692119598388672
750,0.09241414070129395
751,0.11557769775390625
752,0.03386187553405762
753,0.032700300216674805
754,0.03425002098083496
755,0.3353307247161865
756,0.2981910705566406
757,0.27489733695983887
758,0.1915264129638672
759,0.1728348731994629
760,0.16376256942749023
761,0.32241082191467285
762,0.3209524154663086
763,0.3136463165283203
764,-0.5378396511077881
765,-0.5366907119750977
766,-0.526935338973999
767,-0.5411045551300049
768,-0.5311727523803711
769,-0.5379667282104492
770,-0.08895635604858398
771,-0.07855105400085449
772,-0.08233380317687988
773,0.3653578758239746
774,0.33615803718566895
775,0.355999231338501
776,0.33998537063598633
777,0.3287343978881836
778,0.30722498893737793
779,0.4052693843841553
780,0.43216872215270996
781,0.4005117416381836
782,0.07947254180908203
783,0.09132742881774902
784,0.0812065601348877
785,0.043776512145996094
786,0.06432938575744629
787,0.052694082260131836
788,0.14661431312561035
789,0.15335941314697266
790,0.15378522872924805
791,0.15062403678894043
792,0.14717602729797363
793,0.14212918281555176
794,0.16239047050476074
795,0.15370416641235352
796,0.17058730125427246
797,0.07305407524108887
798,0.06821060180664062
799,0.0791158676147461
800,0.283611536026001
801,0.29378390312194824
802,0.2724297046661377
803,0.42858242988586426
804,0.4019935131072998
805,0.43157958984375
806,0.2826502323150635
807,0.30445218086242676
808,0.2697601318359375
809,0.21325349807739258
810,0.19272398948669434
811,0.19097113609313965
812,0.21106839179992676
813,0.21169209480285645
814,0.2114243507385254
815,0.006875753402709961
816,0.0062100887298583984
817,0.005382537841796875
818,0.34974122047424316
819,0.34020233154296875
820,0.33816027641296387
821,0.7752306461334229
822,0.5006170272827148
823,0.4576997756958008
824,0.242966890335083
825,0.24746179580688477
826,0.24337267875671387
827,0.6770923137664795
828,0.6503162384033203
829,0.6526889801025391
830,0.662208080291748
831,0.6620488166809082
832,0.6491622924804688
833,0.2647843360900879
834,0.2957644462585449
835,0.2980639934539795
836,0.13702082633972168
837,0.21521854400634766
838,0.15616130828857422
839,0.27041125297546387
840,0.27622127532958984
841,0.24596047401428223
842,0.20367217063903809
843,0.196547269821167
844,0.1786973476409912
845,0.18334460258483887
846,0.09462404251098633
847,0.14319872856140137
848,0.24531149864196777
849,0.24489212036132812
850,0.23925232887268066
851,-0.14914774894714355
852,-0.18409156799316406
853,-0.149245023727417
854,-0.14694762229919434
855,-0.15683507919311523
856,-0.09380984306335449
857,-0.1279611587524414
858,-0.09953737258911133
859,-0.09687376022338867
860,0.039307355880737305
861,0.008913993835449219
862,-0.048589229583740234
863,-0.029270648956298828
864,-0.04778909683227539
865,0.09494137763977051
866,0.09605121612548828
867,0.09411334991455078
868,-0.2697916030883789
869,-0.1107170581817627
870,-0.22374820709228516
871,0.1730806827545166
872,0.018205881118774414
873,0.036771297454833984
874,-5.340576171875e-05
875,-0.05776500701904297
876,0.02923297882080078
877,0.1402590274810791
878,0.0980386734008789
879,0.13662052154541016
880,0.004039287567138672
881,0.021333694458007812
882,0.012594461441040039
883,0.008582115173339844
884,0.029060840606689453
885,0.016438961029052734
886,0.06920361518859863
887,0.04518294334411621
888,0.02662944793701172
889,0.20383119583129883
890,0.19838929176330566
891,0.18390440940856934
892,-0.06962037086486816
893,-0.10375452041625977
894,-0.07728338241577148
895,-0.1009225845336914
896,-0.11290335655212402
897,-0.09474301338195801
898,0.1628577709197998
899,0.16189146041870117
900,0.16721057891845703
901,-0.07990097999572754
902,-0.12827587127685547
903,-0.07179617881774902
904,-0.11484217643737793
905,-0.12250924110412598
906,-0.11583209037780762
907,0.04917573928833008
908,0.0671079158782959
909,0.06659173965454102
910,-3.810713529586792
911,-3.895245313644409
912,-3.8880996704101562
913,-3.9106602668762207
914,-3.890094518661499
915,-3.992814779281616
916,-0.4273388385772705
917,-0.42566537857055664
918,-0.43357372283935547
919,0.3476226329803467
920,0.3012392520904541
921,0.316814661026001
922,0.35898780822753906
923,0.3805558681488037
924,0.3669254779815674
925,0.42487359046936035
926,0.4169588088989258
927,0.4259793758392334
928,-0.11953282356262207
929,-0.13980579376220703
930,-0.14854788780212402
931,-0.8980712890625
932,-0.8872795104980469
933,-0.9777331352233887
934,-0.23560738563537598
935,-0.39307475090026855
936,-0.40050411224365234
937,0.5031239986419678
938,0.5742428302764893
939,0.5151247978210449
940,0.526557445526123
941,0.6303708553314209
942,0.5226490497589111
943,-0.000324249267578125
944,-0.003513336181640625
945,-0.002984762191772461
946,0.5202066898345947
947,0.5254387855529785
948,0.5403633117675781
949,0.4694828987121582
950,0.45324063301086426
951,0.6201310157775879
952,0.0917959213256836
953,0.18956661224365234
954,0.1627190113067627
955,0.28415489196777344
956,0.3040497303009033
957,0.28797054290771484
958,-0.023637771606445312
959,-0.11759161949157715
960,-0.04252052307128906
961,0.17646098136901855
962,0.12932729721069336
963,0.14939212799072266
964,0.5957317352294922
965,0.24056458473205566
966,0.4490385055541992
967,0.0753638744354248
968,0.062226295471191406
969,0.07584238052368164
970,-0.47732019424438477
971,-0.4950897693634033
972,-0.5179777145385742
973,0.17496585845947266
974,0.19237995147705078
975,0.18280792236328125
976,-0.5125946998596191
977,-0.5792815685272217
978,-0.4808833599090576
979,0.1277918815612793
980,0.15960025787353516
981,-0.0239713191986084
982,0.08343052864074707
983,0.08376026153564453
984,0.08178400993347168
985,0.37777066230773926
986,0.3702385425567627
987,0.386915922164917
988,0.24479198455810547
989,0.25264525413513184
990,0.20911192893981934
991,0.22472238540649414
992,0.3078639507293701
993,0.21970200538635254
994,0.3062937259674072
995,0.29695773124694824
996,0.2936265468597412
997,0.20281481742858887
998,0.21119976043701172
999,0.11845016479492188
1003,-0.030717849731445312
1004,0.012848138809204102
1005,0.0026450157165527344
1006,0.04734516143798828
1007,-0.08614659309387207
1008,-0.10723996162414551
1009,0.05074262619018555
1010,0.05112504959106445
1011,0.05172872543334961
1012,-0.31003713607788086
1013,-0.43718910217285156
1014,-0.33031177520751953
1015,-0.9050428867340088
1016,-0.7961657047271729
1017,-0.7181344032287598
1018,-0.6699278354644775
1019,-0.802842378616333
1020,-0.9922456741333008
1021,0.008397102355957031
1022,0.0077800750732421875
1023,0.008392810821533203
1024,0.1340320110321045
1025,0.2529582977294922
1026,-0.1303572654724121
1027,0.17252349853515625
1028,0.3300900459289551
1029,1.1277961730957031
1030,-0.2645144462585449
1031,-0.5695817470550537
1032,-0.5733866691589355
1033,-1.56618070602417
1034,-1.5509939193725586
1035,-1.3371155261993408
1036,0.17356061935424805
1037,0.16251778602600098
1038,0.16799163818359375
1039,-1.279400110244751
1040,-0.9438381195068359
1041,-1.50492525100708
1042,-0.6477971076965332
1043,-0.8613142967224121
1044,-0.751751184463501
1045,0.1784672737121582
1046,0.1750199794769287
1047,0.17537426948547363
1048,-0.7069942951202393
1049,-0.48572397232055664
1050,-1.0179798603057861
1051,-1.0312163829803467
1052,-1.9128892421722412
1053,-1.9848988056182861
1054,0.03741645812988281
1055,0.03568291664123535
1056,0.03903365135192871
1057,-2.52361798286438
1058,-1.901818037033081
1059,-1.6383447647094727
1060,0.15296125411987305
1061,-0.27367711067199707
1062,-0.377943754196167
1063,-0.9607932567596436
1064,-1.2627005577087402
1065,-0.9208076000213623
1066,0.44504714012145996
1067,0.4313817024230957
1068,0.42952775955200195
1069,-2.3847484588623047
1070,-2.7608237266540527
1071,-2.696607828140259
1072,-0.07312822341918945
1073,-0.07829666137695312
1074,-0.08081197738647461
1075,-0.26302504539489746
1076,-0.25515246391296387
1077,-0.23962950706481934
1078,-2.590738296508789
1079,-3.6401522159576416
1080,-2.778494358062744
1081,-3.076608896255493
1082,-3.0833208560943604
1083,-3.181166410446167
1084,-2.7408571243286133
1085,-2.962385892868042
1086,-2.377272844314575
1087,-0.43483829498291016
1088,0.2210073471069336
1089,0.12431883811950684
1090,-0.14458656311035156
1091,-0.11649274826049805
1092,-0.05519556999206543
1093,1.0071158409118652
1094,0.05113959312438965
1095,-0.30901622772216797
1096,0.9570944309234619
1097,1.1299066543579102
1098,0.8845729827880859
1099,0.09167671203613281
1100,0.09149670600891113
1101,0.08861589431762695
1102,1.1231293678283691
1103,1.4699063301086426
1104,1.389232873916626
1105,-2.5621225833892822
1106,-2.988665819168091
1107,-2.2027735710144043
1111,-0.13059091567993164
1112,-0.11090898513793945
1113,0.01657557487487793
1114,-3.353872299194336
1115,-2.2497386932373047
1116,-2.539260149002075
1117,-2.995638847351074
1118,-2.240821123123169
1119,-1.5781147480010986
1120,0.13445806503295898
1121,0.13406038284301758
1122,0.13740277290344238
1123,-3.984802484512329
1124,-4.397348642349243
1125,-2.536519765853882
1126,0.31786251068115234
1127,0.31902647018432617
1128,0.3544619083404541
1132,-9.89606499671936
1133,-8.223850011825562
1134,-9.156609296798706
1135,-3.664321184158325
1136,-3.7083051204681396
1137,-3.6468214988708496
1138,-9.05566668510437
1139,-8.376742124557495
1140,-9.437168836593628
1141,0.5308742523193359
1142,0.8407244682312012
1147,-0.04538536071777344
1148,-0.08281898498535156
1149,-0.08103108406066895
1156,1.1370420455932617
1157,0.9338936805725098
1158,1.0794141292572021
1162,-0.00010347366333007812
1163,-0.001651763916015625
1164,-0.0003848075866699219
1174,-0.13377809524536133
1175,-0.04020190238952637
1176,-0.03353428840637207
1180,0.04383134841918945
1181,0.04330325126647949
1182,0.04317140579223633
1183,0.010049819946289062
1184,0.00849604606628418
1185,0.009423494338989258
1189,-0.4409048557281494
1190,-0.45295214653015137
1191,-0.4637594223022461
1192,-1.3304495811462402
1193,-1.5511720180511475
1194,-1.3595197200775146
1198,0.10491442680358887
1199,0.11093497276306152
1200,0.10678339004516602
1201,-1.3350050449371338
1202,-1.0403382778167725
1203,-1.4646039009094238
1210,-0.9914662837982178
1211,-0.9541261196136475
1212,-1.1527817249298096
1225,0.21882319450378418
1226,0.21811985969543457
1227,0.22093892097473145
1249,0.16648554801940918
1250,0.19425153732299805
1251,0.19674205780029297
1252,0.28624629974365234
1253,-0.0883641242980957
1254,-0.23130035400390625
1264,2.556908130645752
1265,2.630934953689575
1266,2.7741596698760986
1384,1.523385763168335
1385,1.4958956241607666
1386,1.5128660202026367
1387,1.9386568069458008
1388,1.965245008468628
1389,1.9769823551177979
1390,1.9360976219177246
1391,1.924851655960083
1392,1.9302654266357422
1393,1.5139274597167969
1394,1.4844260215759277
1395,1.5188877582550049
1396,1.9840443134307861
1397,1.9290986061096191
1398,1.9514868259429932
1399,1.8722312450408936
1400,1.8345584869384766
1401,1.8063325881958008
1402,1.3351058959960938
1403,1.3390121459960938
1404,1.3474817276000977
1405,1.7821919918060303
1406,1.789262294769287
1407,1.831636667251587
1408,1.8024733066558838
1409,1.7863073348999023
1410,1.7929191589355469
1411,2.7301647663116455
1412,2.6223833560943604
1413,2.9631505012512207
1414,2.5702452659606934
1415,2.549365997314453
1416,2.5620648860931396
1417,2.65046763420105
1418,2.6709208488464355
1419,2.694138288497925
1420,0.026787757873535156
1421,0.030382871627807617
1422,0.02730250358581543
1423,0.028328895568847656
1424,0.02958393096923828
1425,0.028322696685791016
1426,2.0079784393310547
1427,1.9945170879364014
1428,2.0156688690185547
1429,1.2165164947509766
1430,1.1945304870605469
1431,1.1958858966827393
1432,1.4463591575622559
1433,1.433347225189209
1434,1.4516832828521729
1435,1.179569959640503
1436,1.1949880123138428
1437,1.177738904953003
1438,5.144415855407715
1439,5.137344121932983
1440,5.192101716995239
1441,5.338694334030151
1442,5.358357906341553
1443,5.472834825515747
1444,3.709367275238037
1445,3.7042860984802246
1446,3.688551187515259
1447,2.7978436946868896
1448,2.787153959274292
1449,2.7868824005126953
1450,2.6202664375305176
1451,2.4828743934631348
1452,2.4432590007781982
1453,2.6864612102508545
1454,2.692472457885742
1455,2.513601779937744
1456,1.300513744354248
1457,1.287477731704712
1458,1.323207139968872
1459,1.2849185466766357
1460,1.2842190265655518
1461,1.2881102561950684
1462,0.8842525482177734
1463,0.8838386535644531
1464,0.8991320133209229
1465,3.2881646156311035
1466,3.5221898555755615
1467,3.0838348865509033
1468,1.1623823642730713
1469,1.1578378677368164
1470,1.2985057830810547
1471,3.2852189540863037
1472,3.287020206451416
1473,3.4081404209136963
1474,32.058305978775024
1475,32.07338619232178
1476,32.73935413360596
1477,33.86810755729675
1478,33.611342430114746
1479,33.796833992004395
1480,37.05159139633179
1481,36.721367597579956
1482,36.83467364311218
1483,81.58091449737549
1484,82.2759940624237
1485,81.54743242263794
1486,78.39712810516357
1487,78.9113028049469
1488,78.92988085746765
1489,82.37749195098877
1490,80.99784326553345
1491,81.50516080856323
1492,55.52800226211548
1493,55.777040004730225
1494,55.7189257144928
1495,46.463932275772095
1496,46.96290445327759
1497,46.12336444854736
1498,53.44199204444885
1499,52.33336901664734
1500,53.49916052818298
1501,40.43792676925659
1502,40.430983781814575
1503,40.24791240692139
1504,40.48142743110657
1505,40.42556691169739
1506,40.39223551750183
1507,39.939512729644775
1508,40.14051389694214
1509,40.0624897480011
1510,0.4742000102996826
1511,0.4396851062774658
1512,0.4844520092010498
1513,0.38428735733032227
1514,0.3900163173675537
1515,0.43399715423583984
1516,0.4830176830291748
1517,0.4558722972869873
1518,0.4470639228820801
1522,5.2057719230651855
1523,5.2196784019470215
1524,5.213574171066284
1525,0.0372767448425293
1526,0.03296637535095215
1527,0.031569719314575195
1528,0.12603116035461426
1529,0.12595868110656738
1530,0.12648963928222656
1531,0.03165912628173828
1532,0.03226780891418457
1533,0.03222393989562988
1534,0.02040886878967285
1535,0.021074295043945312
1536,0.02089667320251465
1537,0.12649035453796387
1538,0.13035130500793457
1539,0.12476444244384766
1540,0.06802082061767578
1541,0.06465911865234375
1542,0.061219215393066406
1543,-0.7183566093444824
1544,-0.24848246574401855
1545,-0.2572212219238281
1546,0.012657642364501953
1547,-0.04152417182922363
1548,0.003908395767211914
1549,-0.1533203125
1550,-0.10187458992004395
1551,0.2610158920288086
1552,0.23144221305847168
1553,0.2271268367767334
1554,0.2235856056213379
1555,0.11075878143310547
1556,0.11794757843017578
1557,0.11192584037780762
1558,-0.11484360694885254
1559,-0.10923361778259277
1560,-0.11082959175109863
1561,0.0307769775390625
1562,0.030649662017822266
1563,0.028947830200195312
1564,0.09129786491394043
1565,0.0905764102935791
1566,0.08780360221862793
1567,0.05707740783691406
1568,0.0625457763671875
1569,0.05683541297912598
1570,0.16987156867980957
1571,0.15691351890563965
1572,0.1659221649169922
1573,0.05822396278381348
1574,0.056986093521118164
1575,0.05818343162536621
1576,0.08972048759460449
1577,0.09120011329650879
1578,0.08344244956970215
1579,0.06483316421508789
1580,0.05139279365539551
1581,0.05048632621765137
1582,0.052935123443603516
1583,0.05423474311828613
1584,0.05352520942687988
1585,0.15905022621154785
1586,0.1690967082977295
1587,0.16220712661743164
1588,0.12558650970458984
1589,0.1238248348236084
1590,0.12180447578430176
1591,0.20663809776306152
1592,0.1959853172302246
1593,0.22499918937683105
1594,-0.3076655864715576
1595,-0.8846309185028076
1596,-0.5852234363555908
1600,-0.022614240646362305
1601,-0.7301621437072754
1602,0.5626473426818848
1603,0.017220735549926758
1604,0.014940261840820312
1605,0.015381097793579102
1606,0.014268159866333008
1607,0.014279365539550781
1608,0.013615131378173828
1609,0.017081499099731445
1610,0.01754307746887207
1611,0.016840219497680664
1612,0.020344018936157227
1613,0.01932811737060547
1614,0.03226447105407715
1615,-6.556510925292969e-05
1616,0.007410764694213867
1617,0.011075735092163086
1618,0.015001773834228516
1619,0.0218045711517334
1620,0.0192720890045166
1621,0.5756983757019043
1622,0.5814976692199707
1623,0.5746335983276367
1624,0.5790970325469971
1625,0.588606595993042
1626,0.5817687511444092
1627,0.5889959335327148
1628,0.5746555328369141
1629,0.5824291706085205
1630,0.2774815559387207
1631,0.2804884910583496
1632,0.27512264251708984
1633,0.2865865230560303
1634,0.2875995635986328
1635,0.28997802734375
1636,0.3039517402648926
1637,0.3213207721710205
1638,0.31949925422668457
1639,0.7056174278259277
1640,0.681727409362793
1641,0.7086508274078369
1642,0.7057757377624512
1643,0.6851987838745117
1644,0.669219970703125
1645,0.9372501373291016
1646,0.8999924659729004
1647,0.8712270259857178
1648,0.8978517055511475
1649,0.9600918292999268
1650,0.9765434265136719
1651,0.9449489116668701
1652,0.9139842987060547
1653,0.9341866970062256
1654,1.1788156032562256
1655,1.23199462890625
1656,1.1481003761291504
1657,0.5934901237487793
1658,0.5910046100616455
1659,0.5818426609039307
1660,0.615462064743042
1661,0.582709789276123
1662,0.5577998161315918
1663,0.7661023139953613
1664,0.7217214107513428
1665,0.760155200958252
1666,0.38207101821899414
1667,0.4012923240661621
1668,0.39333105087280273
1669,0.42520833015441895
1670,0.4138526916503906
1671,0.4298100471496582
1672,0.5317754745483398
1673,0.426133394241333
1674,0.476001501083374
1678,-1.0961802005767822
1679,-1.4347867965698242
1680,-0.9262785911560059
1681,-1.127195119857788
1682,-1.1075990200042725
1683,-0.6262602806091309
1684,-1.8542346954345703
1685,-1.2838754653930664
1686,-2.6340436935424805
1687,-0.08833599090576172
1688,-2.430842876434326
1689,-0.7563533782958984
1690,-0.45508503913879395
1691,-0.34121060371398926
1692,-0.3469090461730957
1696,100.0
1697,100.0
1698,100.0
1699,100.0
1705,-0.8302652835845947
1706,-0.7183849811553955
1707,-0.6656081676483154
1708,0.8259296417236328
1709,0.5980119705200195
1710,0.6606485843658447
1711,0.6861827373504639
1712,0.7786033153533936
1713,0.692223310470581
1714,-1.2102208137512207
1715,-0.8101184368133545
1716,-1.20357346534729
1717,-0.41387152671813965
1718,-0.43902015686035156
1719,-0.596376895904541
1720,0.4457731246948242
1721,0.2935459613800049
1722,0.275986909866333
1723,0.1391465663909912
1724,0.17957448959350586
1725,0.11503076553344727
1726,0.35529589653015137
1727,0.3161799907684326
1728,0.32222747802734375
1729,0.23918724060058594
1730,0.07523369789123535
1731,0.07230877876281738
1741,0.1415867805480957
1742,0.12098574638366699
1743,0.15623831748962402
1744,0.1335585117340088
1745,0.06720256805419922
1746,0.13465118408203125
1747,0.07538437843322754
1748,0.08589768409729004
1749,0.1311795711517334
1750,-100.0
1751,-100.0
1752,-100.0
1753,-100.0
1754,-100.0
1755,-100.0
1756,-100.0
1757,-100.0
1758,-100.0
1759,-100.0
1760,-21.925735235214233
1761,-14.327575922012329
1762,-22.977596044540405
1763,-23.798492670059204
1764,-23.59190583229065
1765,0.2833864688873291
1766,0.2721092700958252
1767,0.2497878074645996
1768,0.27724552154541016
1769,0.19830703735351562
1770,0.25176382064819336
1771,0.2674288749694824
1772,0.305328369140625
1773,0.27395081520080566
1774,0.34014368057250977
1775,0.21964287757873535
1776,0.2972550392150879
1777,0.2581593990325928
1778,0.3030867576599121
1779,0.30763959884643555
1780,0.3221595287322998
1781,0.22615551948547363
1782,0.3033447265625
1783,0.1604909896850586
1784,0.1049494743347168
1785,0.0952460765838623
1786,0.03393912315368652
1787,0.09454178810119629
1788,0.06226849555969238
1789,0.07899951934814453
1790,0.04966139793395996
1791,0.08423876762390137
1792,0.1055147647857666
1793,0.08642315864562988
1794,0.04669952392578125
1795,0.062480926513671875
1796,0.02916884422302246
1797,0.05852627754211426
1798,0.06273436546325684
1799,0.047798871994018555
1800,0.07461738586425781
1801,0.08080601692199707
1802,-0.0026738643646240234
1803,0.002160310745239258
1804,0.08317279815673828
1805,0.18929433822631836
1806,0.1160588264465332
1807,0.11851716041564941
1808,0.2091071605682373
1809,0.059763193130493164
1810,0.16964483261108398
1811,0.16701960563659668
1812,0.13370537757873535
1813,0.18645119667053223
1814,0.07528877258300781
1815,0.16287803649902344
1816,0.14310145378112793
1817,0.13251209259033203
1818,0.1994614601135254
1819,0.1385960578918457
1820,0.08680200576782227
1821,0.09052419662475586
1822,0.09825825691223145
1823,0.07529425621032715
1824,0.14364004135131836
1825,0.07928848266601562
1826,0.12176275253295898
1827,0.12598466873168945
1828,0.0653228759765625
1829,0.1330699920654297
1830,0.08898639678955078
1831,0.07576107978820801
1832,0.11342954635620117
1833,0.0834648609161377
1834,0.27669715881347656
1835,0.22246861457824707
1836,0.24475622177124023
1837,0.19601893424987793
1838,0.22937822341918945
1839,0.1973419189453125
1840,0.23556756973266602
1841,0.13585853576660156
1842,0.268449068069458
1843,0.194075345993042
1844,0.2502906322479248
1845,0.2745087146759033
1846,-46.17005002498627
1847,-47.880942583084106
1848,-28.738083004951477
1849,-34.92241168022156
1850,-29.49889886379242
1851,-47.9840042591095
1852,-30.391502499580383
1853,-30.18411099910736
1854,-46.52382838726044
1855,-46.983611702919006
1856,-30.698755383491516
1857,-30.333184242248535
1858,0.1342782974243164
1859,0.15717601776123047
1860,0.2166895866394043
1861,0.1658782958984375
1862,0.16195178031921387
1863,0.13506007194519043
1864,0.14701318740844727
1865,0.11577200889587402
1866,0.2084970474243164
1867,0.1707901954650879
1868,0.21345973014831543
1869,0.15597176551818848
1870,0.1838834285736084
1871,0.13458752632141113
1872,0.13788485527038574
1873,0.15952730178833008
1874,0.146104097366333
1875,0.1544950008392334
1876,-12.354771137237549
1877,-12.66526174545288
1878,-13.778696060180664
1879,-13.534790992736816
1880,-12.797580242156982
1881,-13.110972881317139
1882,-13.364045858383179
1883,-13.707001447677612
1884,-13.072577238082886
1885,-13.18685531616211
1886,-13.233447551727295
1887,-13.436027526855469
1888,-13.407006978988647
1889,-13.06040644645691
1890,-13.229628562927246
1891,0.04266715049743652
1892,0.11900544166564941
1893,0.0466005802154541
1894,0.033278465270996094
1895,0.0964663028717041
1896,0.04317522048950195
1897,0.03742027282714844
1898,0.08717203140258789
1899,0.042176008224487305
1900,0.15183639526367188
1901,0.13694453239440918
1902,0.1785109043121338
1903,0.002703428268432617
1904,0.13415837287902832
1905,0.19725298881530762
1906,0.13773632049560547
1907,0.141448974609375
1908,-0.05167746543884277
1909,0.17602324485778809
1910,0.14606904983520508
1911,0.11271309852600098
1912,0.15021681785583496
1913,-0.018381595611572266
1914,0.15823817253112793
1915,0.14496564865112305
1916,0.04061293601989746
1917,-0.00439453125
1918,0.17084503173828125
1919,0.10987997055053711
1920,0.051705360412597656
1921,0.12876415252685547
1922,-0.03021693229675293
1923,0.1838226318359375
1924,0.11908888816833496
1925,0.10578346252441406
1926,0.15933656692504883
1927,-0.010449647903442383
1928,0.17177820205688477
1929,0.15590643882751465
1930,0.03960847854614258
1931,0.12488365173339844
1932,0.16099977493286133
1933,0.11316204071044922
1934,0.027518272399902344
1935,0.06223607063293457
1936,0.12038421630859375
1937,0.08210468292236328
1938,0.03631424903869629
1939,0.1425762176513672
1940,0.13660645484924316
1941,0.11714029312133789
1942,0.23788046836853027
1943,0.15540504455566406
1944,0.2202591896057129
1945,0.23154926300048828
1946,0.23080658912658691
1947,0.2588503360748291
1948,0.23225045204162598
1949,0.23432421684265137
1950,0.21503353118896484
1951,0.09688687324523926
1952,0.08297944068908691
1953,0.07720470428466797
1954,0.058476924896240234
1955,0.123992919921875
1956,0.08448553085327148
1957,0.07661986351013184
1958,0.08319520950317383
1959,0.1078343391418457
1960,0.08999776840209961
1961,0.06842803955078125
1962,0.05199122428894043
1963,0.2653985023498535
1964,0.2760426998138428
1965,0.23711657524108887
1966,0.26074671745300293
1967,0.22095584869384766
1968,0.2760281562805176
1969,0.3265500068664551
1970,0.2681255340576172
1971,0.26494336128234863
1972,0.26311159133911133
1973,0.20439457893371582
1974,0.25841379165649414
1975,0.22748565673828125
1976,0.24660611152648926
1977,0.29724597930908203
1978,0.31207275390625
1979,0.18924880027770996
1980,0.203751802444458
1981,0.0663456916809082
1982,0.05528688430786133
1983,0.16274547576904297
1984,-0.12796998023986816
1985,0.08299446105957031
1986,0.10100913047790527
1987,0.09886980056762695
1988,0.15502619743347168
1989,-0.12144351005554199
1990,0.11365342140197754
1991,0.06641769409179688
1992,0.07988619804382324
1993,0.05948305130004883
1994,0.08528447151184082
1995,0.095489501953125
1996,0.07116889953613281
1997,0.10431194305419922
1998,0.13163256645202637
1999,0.09221959114074707
2000,0.048166513442993164
2001,0.07988405227661133
2002,0.1427171230316162
2003,0.09812045097351074
2004,0.06598329544067383
2005,0.11390423774719238
2006,0.102630615234375
2007,0.09909176826477051
2008,0.07718276977539062
2009,0.14115452766418457
2010,0.09505724906921387
2011,0.10555887222290039
2012,0.06342005729675293
2013,0.06485891342163086
2014,0.055821895599365234
2015,0.06377220153808594
2016,0.07517457008361816
2017,0.10069394111633301
2018,0.08276510238647461
2019,0.10529136657714844
2020,0.1605057716369629
2021,0.19953346252441406
2022,0.22345256805419922
2023,0.1963794231414795
2024,0.17574787139892578
2025,0.18139314651489258
2026,0.2112278938293457
2027,0.23142528533935547
2028,0.08741879463195801
2029,0.07091641426086426
2030,0.06866669654846191
2031,0.06431913375854492
2032,-0.07875609397888184
2033,0.04571700096130371
2034,-0.14819836616516113
2035,-0.07347464561462402
2036,0.0370631217956543
2037,-0.13831067085266113
2038,0.038538217544555664
2039,0.07506394386291504
2040,-0.03695797920227051
2041,0.22634267807006836
2042,0.2233874797821045
2043,0.18379473686218262
2044,0.2119302749633789
2045,0.2869715690612793
2046,0.21501660346984863
2047,0.024996519088745117
2048,0.046994924545288086
2049,0.015229940414428711
2050,0.05622744560241699
2051,0.1412971019744873
2052,0.17669057846069336
2053,0.17888832092285156
2054,0.09446430206298828
2055,0.2046527862548828
2056,0.17885494232177734
2057,0.1647024154663086
2058,0.11854004859924316
2059,0.23815512657165527
2060,0.1331319808959961
2061,0.1760106086730957
2062,0.1290125846862793
2063,0.2199103832244873
2064,0.15825510025024414
2065,0.255873441696167
2066,0.11052680015563965
2067,0.24691438674926758
2068,0.1766979694366455
2069,0.12142181396484375
2070,0.21051621437072754
2071,0.13980317115783691
2072,0.09925270080566406
2073,0.14261460304260254
2074,0.11686921119689941
2075,0.1286623477935791
2076,0.10664129257202148
2077,0.12260890007019043
2078,0.12436223030090332
2079,0.08978056907653809
2080,0.18131613731384277
2081,0.12236809730529785
2082,0.12517285346984863
2083,0.07828617095947266
2084,0.13677120208740234
2085,0.14345169067382812
2086,0.2250969409942627
2087,-0.06731128692626953
2088,0.13126707077026367
2089,0.14580082893371582
2090,0.12691998481750488
2091,0.1473710536956787
2092,0.15111851692199707
2093,-0.2066030502319336
2094,-0.2384958267211914
2095,0.12651968002319336
2096,0.19578123092651367
2097,0.17222166061401367
2098,0.20128965377807617
2099,-0.03287959098815918
2100,0.161468505859375
2101,0.13346624374389648
2102,0.1623539924621582
2103,0.19159936904907227
2104,0.19207763671875
2105,0.15905404090881348
2106,0.20526814460754395
2107,0.12308144569396973
2108,0.15633726119995117
2109,0.21190857887268066
2110,0.1911633014678955
2111,0.027387142181396484
2112,0.14956092834472656
2113,0.16874170303344727
2114,0.010544538497924805
2115,0.16842079162597656
2116,0.15823841094970703
2117,0.002938508987426758
2118,0.16587471961975098
2119,0.1890406608581543
2120,0.09266066551208496
2121,0.026116609573364258
2122,0.10456442832946777
2123,-0.030373573303222656
2124,0.031792640686035156
2125,0.06611156463623047
2126,0.06535816192626953
2127,0.06465578079223633
2128,0.06991004943847656
2129,0.13674712181091309
2130,0.20009469985961914
2131,0.10650515556335449
2132,0.08082890510559082
2133,0.048728227615356445
2134,0.08859848976135254
2135,0.11379098892211914
2136,0.08156228065490723
2137,0.013823747634887695
2138,0.08377957344055176
2139,0.10014986991882324
2140,0.05557608604431152
2141,-0.04874706268310547
2142,0.07113265991210938
2143,0.08314156532287598
2144,0.07361650466918945
2145,0.16868996620178223
2146,0.15479755401611328
2147,0.18264055252075195
2148,0.1720268726348877
2149,0.07836151123046875
2150,0.1852560043334961
2151,0.16088151931762695
2152,0.1618030071258545
2153,0.2189805507659912
2154,0.1342024803161621
2155,0.12771916389465332
2156,0.15276288986206055
2157,0.14464473724365234
2158,0.17226672172546387
2159,-0.08216524124145508
2160,-0.003457307815551758
2161,-0.04227113723754883
2162,-0.08681130409240723
2163,-0.02774500846862793
2164,-0.001417398452758789
2165,-0.08313417434692383
2166,-0.044840335845947266
2167,-0.005026817321777344
2168,0.046068429946899414
2169,0.1365976333618164
2170,0.14688897132873535
2171,0.018973350524902344
2172,0.15284347534179688
2173,0.1692826747894287
2174,0.053557395935058594
2175,0.14800310134887695
2176,0.15022873878479004
2177,0.09659028053283691
2178,0.08156037330627441
2179,-0.12224173545837402
2180,0.02056145668029785
2181,0.07842040061950684
2182,0.032386064529418945
2183,-0.13037729263305664
2184,0.02760791778564453
2185,0.07345461845397949
2186,0.05306863784790039
2187,-0.09627079963684082
2188,0.06319642066955566
2189,0.1645042896270752
2190,0.15821003913879395
2191,0.18541669845581055
2192,0.17648053169250488
2193,0.15372848510742188
2194,0.16222333908081055
2195,0.18201351165771484
2196,0.16768646240234375
2197,0.12772822380065918
2198,0.04434084892272949
2199,0.13147497177124023
2200,0.05738258361816406
2201,0.04287290573120117
2202,0.09293603897094727
2203,0.09071898460388184
2204,-0.03486943244934082
2205,0.007695913314819336
2206,0.07254219055175781
2207,0.07751154899597168
2208,0.036284446716308594
2209,0.04703402519226074
2210,0.057938575744628906
2211,0.09952092170715332
2212,0.05988907814025879
2213,0.07085371017456055
2214,0.08257651329040527
2215,0.06048870086669922
2216,0.005342006683349609
2217,0.04748988151550293
2218,0.025501012802124023
2219,0.0834345817565918
2220,0.052651405334472656
2221,-0.1465597152709961
2222,0.010941267013549805
2223,0.11597943305969238
2224,0.04294776916503906
2225,-0.09944772720336914
2226,0.06199932098388672
2227,0.0975956916809082
2228,0.06818056106567383
2229,-0.09398913383483887
2230,0.05111861228942871
2231,0.2049558162689209
2232,0.10140705108642578
2233,0.014389276504516602
2234,0.05350828170776367
2235,0.15925097465515137
2236,0.09604024887084961
2237,0.14311814308166504
2238,0.09194588661193848
2239,0.07596302032470703
2240,0.09329104423522949
2241,0.14684438705444336
2242,0.06469058990478516
2243,0.17517518997192383
2244,0.09308743476867676
2245,0.047699689865112305
2246,0.176499605178833
2247,0.1339561939239502
2248,0.15063977241516113
2249,0.014097213745117188
2250,0.029801607131958008
2251,0.002111673355102539
2252,0.05848860740661621
2253,0.011943817138671875
2254,0.04251241683959961
2255,0.24012112617492676
2256,0.15996384620666504
2257,0.18268680572509766
2258,0.03628873825073242
2259,0.1275632381439209
2260,0.08696460723876953
2261,0.20084428787231445
2262,0.1912837028503418
2263,0.15951323509216309
2264,0.04751467704772949
2265,0.23592209815979004
2266,0.16883349418640137
2267,0.18627476692199707
2268,0.10080766677856445
2269,0.18363261222839355
2270,0.04535984992980957
2271,0.18191814422607422
2272,0.09617829322814941
2273,0.1737656593322754
2274,0.01813650131225586
2275,0.08495426177978516
2276,0.09018659591674805
2277,-0.09199786186218262
2278,0.06902742385864258
2279,0.1004784107208252
2280,0.13995981216430664
2281,0.10539841651916504
2282,0.07370471954345703
2283,0.0903172492980957
2284,0.05700826644897461
2285,0.10124659538269043
2286,0.10303115844726562
2287,0.10443878173828125
2288,0.07962727546691895
2289,-0.10747313499450684
2290,0.12803888320922852
2291,0.12113165855407715
2292,0.0313258171081543
2293,0.08965778350830078
2294,0.11242341995239258
2295,-0.028829336166381836
2296,0.10041022300720215
2297,0.06016063690185547
2298,0.09802389144897461
2299,-0.011079072952270508
2300,0.006071805953979492
2301,0.17377734184265137
2302,0.04744410514831543
2303,0.15573859214782715
2304,-0.053137779235839844
2305,0.10021448135375977
2306,0.10691261291503906
2307,0.04606437683105469
2308,0.11722803115844727
2309,-0.013901948928833008
2310,0.020358562469482422
2311,0.10014605522155762
2312,0.04704618453979492
2313,0.10713839530944824
2314,0.07731819152832031
2315,0.006862640380859375
2316,0.10432314872741699
2317,0.05620551109313965
2318,0.1187293529510498
2319,0.08613204956054688
2320,-0.04609870910644531
2321,-0.45963025093078613
2322,-0.3361799716949463
2323,-0.28800344467163086
2324,0.02460169792175293
2325,0.0215456485748291
2326,0.031477928161621094
2327,-0.2695612907409668
2328,-0.16642355918884277
2329,-0.1362440586090088
2330,0.11109542846679688
2331,0.05104637145996094
2332,0.11746692657470703
2333,0.041045427322387695
2334,0.05562877655029297
2335,0.09955239295959473
2336,0.05359029769897461
2337,0.08012914657592773
2338,0.12497663497924805
2339,0.12911558151245117
2340,0.14629554748535156
2341,0.11729049682617188
2342,0.17401647567749023
2343,0.0638892650604248
2344,0.0785222053527832
2345,0.13467001914978027
2346,0.04871535301208496
2347,0.003262042999267578
2348,0.03867220878601074
2349,0.005803585052490234
2350,0.007872581481933594
2351,0.02989959716796875
2352,0.04335737228393555
2353,0.12333226203918457
2354,0.03267359733581543
2355,-0.03443741798400879
2356,0.03709983825683594
2357,0.20045900344848633
2358,0.11684966087341309
2359,0.15394973754882812
2360,0.16805386543273926
2361,0.18394899368286133
2362,0.1808032989501953
2363,0.14820361137390137
2364,0.11342430114746094
2365,0.20248794555664062
2366,0.11817598342895508
2367,0.14466547966003418
2368,0.19314241409301758
2369,0.04829812049865723
2370,0.15047073364257812
2371,0.12733888626098633
2372,0.03486227989196777
2373,0.14337658882141113
2374,0.11612558364868164
2375,0.0455780029296875
2376,0.1314713954925537
2377,0.12788057327270508
2378,0.09103822708129883
2379,0.18195509910583496
2380,0.20566511154174805
2381,0.17521023750305176
2382,0.08888697624206543
2383,0.18073725700378418
2384,0.21538472175598145
2385,0.19199419021606445
2386,0.0653076171875
2387,0.17000102996826172
2388,0.21030092239379883
2389,0.17405986785888672
2390,0.030932188034057617
2391,0.11022472381591797
2392,0.07987213134765625
2393,0.04701662063598633
2394,0.08427047729492188
2395,0.08104681968688965
2396,0.03969216346740723
2397,0.07807302474975586
2398,0.07506704330444336
2399,0.13442230224609375
2400,0.1259300708770752
2401,0.14951491355895996
2402,0.08270788192749023
2403,0.1803903579711914
2404,0.13039326667785645
2405,0.13343095779418945
2406,0.12928032875061035
2407,0.19639897346496582
2408,0.09438800811767578
2409,0.16345429420471191
2410,0.13811492919921875
2411,0.3132131099700928
2412,0.25284242630004883
2413,0.3365154266357422
2414,0.2897505760192871
2415,0.1952199935913086
2416,0.25245046615600586
2417,0.08076119422912598
2418,0.0014801025390625
2419,-0.1345653533935547
2420,-0.06051754951477051
2421,-0.04423356056213379
2422,-0.11108636856079102
2423,0.12445354461669922
2424,-0.07437634468078613
2425,-0.15777921676635742
2426,-0.7455019950866699
2427,-0.5562021732330322
2428,-0.4928116798400879
2429,-0.7522437572479248
2430,-0.5514359474182129
2431,-0.47704505920410156
2432,-0.5399608612060547
2433,-0.3869659900665283
2434,-0.3417026996612549
2435,0.02625560760498047
2436,0.12227606773376465
2437,0.09051227569580078
2438,-0.11327791213989258
2439,-0.08393073081970215
2440,-0.007291316986083984
2441,0.0273435115814209
2442,0.009267091751098633
2443,0.030680418014526367
2444,0.01631760597229004
2445,0.10799360275268555
2446,0.03742098808288574
2447,0.023418188095092773
2448,0.10922384262084961
2449,0.08861064910888672
2450,0.04697108268737793
2451,0.039183855056762695
2452,0.03798699378967285
2453,0.12576508522033691
2454,0.1247100830078125
2455,0.0976569652557373
2456,0.06578278541564941
2457,0.1348867416381836
2458,0.1564035415649414
2459,0.12842655181884766
2460,0.1591815948486328
2461,0.15921497344970703
2462,0.00878286361694336
2463,0.17010855674743652
2464,0.12994170188903809
2465,0.22085165977478027
2466,0.1952219009399414
2467,0.16572809219360352
2468,0.12203264236450195
2469,0.16011476516723633
2470,0.15405488014221191
2471,0.08205509185791016
2472,0.010975360870361328
2473,-0.0004534721374511719
2474,0.006363630294799805
2475,0.06529831886291504
2476,0.029298782348632812
2477,-0.01352071762084961
2478,0.05729174613952637
2479,0.13397431373596191
2480,0.037190914154052734
2481,-0.03816509246826172
2482,0.004564523696899414
2483,0.10440397262573242
2484,0.0980379581451416
2485,0.1188502311706543
2486,0.18918514251708984
2487,0.13383984565734863
2488,0.07122492790222168
2489,0.07140874862670898
2490,0.08934760093688965
2491,0.09176325798034668
2492,0.06668424606323242
2493,0.0942847728729248
2494,0.11278700828552246
2495,0.09440445899963379
2496,0.12059831619262695
2497,0.13767051696777344
2498,0.07950139045715332
2499,0.09514188766479492
2500,0.12733221054077148
2501,0.022853851318359375
2502,0.10068583488464355
2503,0.0722498893737793
2504,0.09774446487426758
2505,0.1497659683227539
2506,-0.012716531753540039
2507,0.0282437801361084
2508,0.12762093544006348
2509,0.07626557350158691
2510,0.10170292854309082
2511,0.01937246322631836
2512,0.09221625328063965
2513,0.050429582595825195
2514,0.1819624900817871
2515,0.12812042236328125
2516,-0.019440412521362305
2517,0.0659186840057373
2518,0.0835731029510498
2519,0.24100875854492188
2520,0.02584695816040039
2521,0.03478837013244629
2522,0.09398674964904785
2523,0.11398553848266602
2524,0.2148895263671875
2525,0.20656418800354004
2526,0.08156204223632812
2527,0.1426384449005127
2528,0.09399008750915527
2529,-0.04628586769104004
2530,0.09073519706726074
2531,0.06371021270751953
2532,-0.07035350799560547
2533,-0.20029139518737793
2534,-0.020069122314453125
2535,-0.03787732124328613
2536,0.08970069885253906
2537,-0.014017581939697266
2538,0.08367347717285156
2539,0.058229684829711914
2540,-2.9061272144317627
2541,-2.5737953186035156
2542,-4.010825872421265
2543,-2.904599905014038
2544,-2.543689727783203
2545,-3.9834580421447754
2546,-2.9104504585266113
2547,-2.483973741531372
2548,-3.9889626502990723
2549,0.13103699684143066
2550,0.15874266624450684
2551,0.08401179313659668
2552,0.04502224922180176
2553,0.0394749641418457
2554,0.043627262115478516
2555,0.04029989242553711
2556,0.03728985786437988
2557,0.03568315505981445
2558,0.1905367374420166
2559,0.08159422874450684
2560,0.0668172836303711
2561,0.015427589416503906
2562,0.08586955070495605
2563,0.08896851539611816
2564,0.06610298156738281
2565,0.06263494491577148
2566,0.023296833038330078
2567,0.05727744102478027
2568,0.13424968719482422
2569,0.06458425521850586
2570,0.10513925552368164
2571,0.0048694610595703125
2572,0.08847260475158691
2573,0.06945013999938965
2574,0.07941746711730957
2575,0.07304883003234863
2576,0.10193657875061035
2577,0.011278152465820312
2578,0.12666845321655273
2579,0.06447672843933105
2580,0.08083891868591309
2581,0.0384068489074707
2582,0.10680675506591797
2583,0.06740427017211914
2584,0.08333396911621094
2585,0.02354741096496582
2586,0.1123507022857666
2587,0.11975765228271484
2588,0.06625175476074219
2589,0.09822535514831543
2590,0.04518294334411621
2591,0.03185558319091797
2592,0.13488149642944336
2593,0.10282659530639648
2594,-0.014298200607299805
2595,0.03298640251159668
2596,0.03867959976196289
2597,0.019681692123413086
2598,-0.0053272247314453125
2599,0.04556393623352051
2600,0.0108489990234375
2601,0.10183596611022949
2602,0.09480118751525879
2603,0.01747894287109375
2604,0.0826113224029541
2605,0.020731210708618164
2606,0.015143632888793945
2607,0.09125494956970215
2608,0.08458757400512695
2609,0.24175524711608887
2610,0.15394973754882812
2611,0.176253080368042
2612,0.2460322380065918
2613,0.1985335350036621
2614,0.18871641159057617
2615,0.1972494125366211
2616,0.20499753952026367
2617,0.18825387954711914
2618,0.24663448333740234
2619,0.21738862991333008
2620,0.2549271583557129
2621,0.07567644119262695
2622,0.010729312896728516
2623,0.09974312782287598
2624,0.08504748344421387
2625,0.018101930618286133
2626,-0.00151824951171875
2627,0.1493206024169922
2628,0.11158418655395508
2629,0.04250359535217285
2630,0.12483859062194824
2631,-0.004400730133056641
2632,0.17091751098632812
2633,0.12675166130065918
2634,0.135453462600708
2635,0.09234333038330078
2636,0.09904670715332031
2637,0.05470561981201172
2638,0.09489846229553223
2639,0.02710556983947754
2640,0.02483654022216797
2641,0.11569094657897949
2642,0.10717105865478516
2643,-0.16559815406799316
2644,0.09795427322387695
2645,-0.04078078269958496
2646,0.05200791358947754
2647,0.01794576644897461
2648,0.019220590591430664
2649,-0.2152538299560547
2650,0.03260326385498047
2651,0.0989992618560791
2652,0.0855095386505127
2653,0.09825253486633301
2654,0.1142730712890625
2655,-0.10927343368530273
2656,0.10451745986938477
2657,0.07983016967773438
2658,0.08633708953857422
2659,-0.052809715270996094
2660,-0.1143791675567627
2661,-0.053290605545043945
2662,0.08820247650146484
2663,0.09811711311340332
2664,-0.1218106746673584
2665,0.10013461112976074
2666,0.013870954513549805
2667,0.1124415397644043
2668,-0.09177660942077637
2669,0.06408882141113281
2670,0.09273290634155273
2671,0.14230871200561523
2672,-0.09992265701293945
2673,0.1459050178527832
2674,0.15188217163085938
2675,0.10686826705932617
2676,0.07266831398010254
2677,0.08420562744140625
2678,-0.11476612091064453
2679,0.08839821815490723
2680,0.06330633163452148
2681,0.05427265167236328
2682,0.09416055679321289
2683,0.11759448051452637
2684,-0.10731101036071777
2685,0.09730720520019531
2686,0.11747097969055176
2687,-0.02224111557006836
2688,0.05445122718811035
2689,0.017425060272216797
2690,0.020034074783325195
2691,0.021706581115722656
2692,0.022803068161010742
2693,0.022007226943969727
2694,-0.10034370422363281
2695,0.010216712951660156
2696,-0.008820772171020508
2697,-0.08886098861694336
2698,0.04779982566833496
2699,-0.029216766357421875
2700,-0.09327363967895508
2701,-0.0005335807800292969
2702,0.03885841369628906
2703,0.11395812034606934
2704,0.0375363826751709
2705,-0.050659894943237305
2706,0.057342529296875
2707,0.11668562889099121
2708,0.1410510540008545
2709,-0.08475279808044434
2710,0.10146927833557129
2711,0.04937934875488281
2712,0.040665626525878906
2713,0.16504311561584473
2714,0.009094715118408203
2715,-0.017213821411132812
2716,0.02600693702697754
2717,0.030133962631225586
2718,0.04946160316467285
2719,0.03767514228820801
2720,0.026464223861694336
2721,0.05582904815673828
2722,0.06238508224487305
2723,0.06286835670471191
2724,0.06715798377990723
2725,0.02920246124267578
2726,0.07191920280456543
2727,0.04405546188354492
2728,0.046549320220947266
2729,0.02871870994567871
2730,0.10754251480102539
2731,-0.050307512283325195
2732,-0.12229394912719727
2733,0.06414937973022461
2734,0.0850527286529541
2735,0.04577279090881348
2736,0.004442930221557617
2737,0.026451826095581055
2738,0.029964923858642578
2739,0.044797658920288086
2740,0.04769253730773926
2741,0.06285214424133301
2742,-0.030292749404907227
2743,0.011994600296020508
2744,0.0049190521240234375
2745,-0.0005788803100585938
2746,-0.003349781036376953
2747,0.017895221710205078
2748,0.10431337356567383
2749,-0.038548946380615234
2750,0.05335187911987305
2751,0.037406206130981445
2752,0.04259490966796875
2753,-0.07980895042419434
2754,0.03335142135620117
2755,-0.04465293884277344
2756,0.026373863220214844
2757,0.0948793888092041
2758,0.0921328067779541
2759,0.03581094741821289
2760,0.06954693794250488
2761,0.08538579940795898
2762,0.09023523330688477
2763,0.10259866714477539
2764,0.051627159118652344
2765,0.09218478202819824
2766,0.07369112968444824
2767,0.08595085144042969
2768,0.003912448883056641
2769,0.0877070426940918
2770,0.1144247055053711
2771,0.14056801795959473
2772,0.03342413902282715
2773,0.11537432670593262
2774,0.07201862335205078
2775,0.1438004970550537
2776,0.07754707336425781
2777,0.1490776538848877
2778,0.15212225914001465
2779,0.19219064712524414
2780,0.14330458641052246
2781,0.13883209228515625
2782,0.16552090644836426
2783,0.13748383522033691
2784,0.12492775917053223
2785,0.17888975143432617
2786,0.18810701370239258
2787,0.21107769012451172
2788,0.2114424705505371
2789,-0.005021572113037109
2790,-0.12184977531433105
2791,0.016076326370239258
2792,-0.015118837356567383
2793,-0.07523179054260254
2794,-0.04622173309326172
2795,-0.0040280818939208984
2796,-0.12095022201538086
2797,-0.008895397186279297
2798,0.12422800064086914
2799,0.08167290687561035
2800,0.08460116386413574
2801,0.11913609504699707
2802,0.14094948768615723
2803,0.15442824363708496
2804,0.19469261169433594
2805,0.17348122596740723
2806,0.20412850379943848
2807,0.012885570526123047
2808,0.1153264045715332
2809,0.15345454216003418
2810,0.12067508697509766
2811,0.03948354721069336
2812,0.1436476707458496
2813,0.19152355194091797
2814,0.15869665145874023
2815,0.014979362487792969
2816,0.10546493530273438
2817,0.1557598114013672
2818,0.12847399711608887
2819,0.06002354621887207
2820,-0.008336067199707031
2821,-0.12653875350952148
2822,-0.03096294403076172
2823,0.020951271057128906
2824,0.019618988037109375
2825,0.03288102149963379
2826,-0.06780838966369629
2827,0.04365968704223633
2828,-0.039427995681762695
2829,0.07119488716125488
2830,0.058569908142089844
2831,-0.06187248229980469
2832,0.00499415397644043
2833,-0.025301456451416016
2834,0.03920173645019531
2835,0.042760372161865234
2836,0.08417010307312012
2837,-0.010747194290161133
2838,0.12955999374389648
2839,0.03179121017456055
2840,0.06900167465209961
2841,0.0457456111907959
2842,0.1430809497833252
2843,0.07320690155029297
2844,0.05016183853149414
2845,0.06283807754516602
2846,0.16315364837646484
2847,0.10795164108276367
2848,0.1701984405517578
2849,0.10373306274414062
2850,0.11963725090026855
2851,0.1302196979522705
2852,0.04059600830078125
2853,0.08422160148620605
2854,0.09771561622619629
2855,0.03748679161071777
2856,-0.01035308837890625
2857,0.09180092811584473
2858,0.03546643257141113
2859,0.06790685653686523
2860,0.06411600112915039
2861,0.10205221176147461
2862,0.06877732276916504
2863,0.11365938186645508
2864,0.11713004112243652
2865,0.18916034698486328
2866,0.19764494895935059
2867,0.10173201560974121
2868,0.09358572959899902
2869,0.2167656421661377
2870,0.18196368217468262
2871,0.1689283847808838
2872,0.1274731159210205
2873,0.14357686042785645
2874,0.17384552955627441
2875,0.19447112083435059
2876,0.06749248504638672
2877,0.031012773513793945
2878,0.05130124092102051
2879,-0.014897346496582031
2880,0.09190678596496582
2881,0.026156187057495117
2882,0.13783001899719238
2883,0.1692652702331543
2884,0.12194967269897461
2885,0.1365981101989746
2886,0.11910343170166016
2887,0.12714815139770508
2888,0.0555729866027832
2889,0.036869049072265625
2890,0.10456585884094238
2891,-0.06193876266479492
2892,0.048993587493896484
2893,0.050520896911621094
2894,-0.04161834716796875
2895,0.06501388549804688
2896,0.08229732513427734
2897,0.0464024543762207
2898,0.15321016311645508
2899,0.04238772392272949
2900,0.04652142524719238
2901,0.04029965400695801
2902,0.039865970611572266
2903,0.08304667472839355
2904,0.012652158737182617
2905,0.08657360076904297
2906,-0.08470749855041504
2907,0.11170840263366699
2908,0.057431697845458984
2909,-0.36719727516174316
2910,-0.7583267688751221
2911,-0.6896014213562012
2912,-0.9267120361328125
2913,-0.6425175666809082
2914,-0.5681288242340088
2915,0.10639071464538574
2916,0.12337183952331543
2917,0.11451339721679688
2918,0.11528539657592773
2919,0.10135078430175781
2920,0.18322324752807617
2921,0.06335139274597168
2922,0.010139703750610352
2923,-0.015424013137817383
2924,-0.014631032943725586
2925,0.012436151504516602
2926,-0.0014023780822753906
2927,0.01990795135498047
2928,-0.017719268798828125
2929,0.0032401084899902344
2930,-0.00027942657470703125
2931,-0.09417271614074707
2932,0.015358448028564453
2933,0.0038471221923828125
2934,-0.03366804122924805
2935,0.004118204116821289
2936,0.01317143440246582
2937,-0.1735243797302246
2938,-0.007966995239257812
2939,0.014953374862670898
2940,-0.06864643096923828
2941,-0.0005831718444824219
2942,0.11325287818908691
2943,-0.10489082336425781
2944,0.01748204231262207
2945,0.00462794303894043
2946,0.004932403564453125
2947,-0.04831218719482422
2948,0.15537762641906738
2949,0.10622215270996094
2950,0.12157297134399414
2951,-0.0186769962310791
2952,0.17909741401672363
2953,0.15311026573181152
2954,0.1412510871887207
2955,0.07769584655761719
2956,0.23874521255493164
2957,0.16417717933654785
2958,0.222855806350708
2959,0.051271915435791016
2960,0.16293740272521973
2961,0.09755563735961914
2962,0.08498835563659668
2963,0.04710578918457031
2964,0.13996577262878418
2965,0.13609743118286133
2966,0.15230607986450195
2967,0.09893798828125
2968,0.17383599281311035
2969,0.18298649787902832
2970,0.17142701148986816
2971,0.01960468292236328
2972,0.06827569007873535
2973,0.01886129379272461
2974,0.017947673797607422
2975,-0.09141874313354492
2976,-0.06968331336975098
2977,-0.04158973693847656
2978,-0.015517234802246094
2979,0.05207633972167969
2980,0.0724496841430664
2981,0.05154705047607422
2982,0.05603957176208496
2983,-0.21310162544250488
2984,-0.11138343811035156
2985,-0.0751502513885498
2986,-0.042977094650268555
2987,-0.16814041137695312
2988,-0.05476975440979004
2989,0.023319482803344727
2990,0.04063057899475098
2991,0.019097566604614258
2992,0.06629419326782227
2993,-0.28496479988098145
2994,-0.16829156875610352
2995,-0.16394376754760742
2996,-0.18987250328063965
2997,-0.06317901611328125
2998,-0.05837297439575195
2999,-0.30549073219299316
3000,-0.1637279987335205
3001,-0.131486177444458
3002,-0.06757712364196777
3003,-0.08512282371520996
3004,-0.11090803146362305
3005,-0.06688308715820312
3006,-0.08492636680603027
3007,-0.10396480560302734
3008,0.02263474464416504
3009,0.06906008720397949
3010,0.012324810028076172
3011,-0.018818378448486328
3012,-0.027064800262451172
3013,0.026320219039916992
3014,-0.08226370811462402
3015,-0.02892589569091797
3016,-0.027976036071777344
3017,0.17454075813293457
3018,0.14870572090148926
3019,0.13220906257629395
3020,-0.08688521385192871
3021,-0.019306659698486328
3022,0.011380195617675781
3023,-0.020986557006835938
3024,-0.03618025779724121
3025,0.021593570709228516
3026,-0.0465242862701416
3027,0.060727596282958984
3028,0.0594327449798584
3029,-0.15479588508605957
3030,-0.16572809219360352
3031,-0.032289743423461914
3032,-0.040987491607666016
3033,-0.3518953323364258
3034,-0.3508317470550537
3035,-0.14120101928710938
3036,-0.14142346382141113
3037,0.17615461349487305
3038,0.18655633926391602
3039,0.17276763916015625
3040,0.19627118110656738
3041,-0.12007498741149902
3042,-0.14948749542236328
3043,-0.09693717956542969
3044,-0.3590385913848877
3045,-0.17098379135131836
3046,-0.15350937843322754
3047,0.08776140213012695
3048,0.09198331832885742
3049,0.13994383811950684
3050,-0.09097146987915039
3051,0.1733236312866211
3052,0.13444972038269043
3053,0.10838699340820312
3054,0.052252769470214844
3055,0.13603544235229492
3056,-0.04039120674133301
3057,0.06487178802490234
3058,0.05410957336425781
3059,-0.39257216453552246
3060,-0.3680274486541748
3061,-0.3001229763031006
3062,-0.2457125186920166
3063,-0.24313592910766602
3064,-1.2146356105804443
3065,-0.7902047634124756
3066,-0.6608259677886963
3067,-0.7304723262786865
3068,-0.8815240859985352
3069,-0.8197183609008789
3070,-0.5117595195770264
3071,-0.37516021728515625
3072,-0.3616783618927002
3073,-0.39603757858276367
3074,-0.15915298461914062
3075,-0.0895376205444336
3076,0.06940770149230957
3077,0.014261484146118164
3078,0.07397580146789551
3079,-0.09339642524719238
3080,-0.1566483974456787
3081,0.06719112396240234
3082,-0.11523818969726562
3083,0.11621880531311035
3084,0.36110782623291016
3085,0.36902546882629395
3086,0.10090422630310059
3087,0.1902461051940918
3088,0.36641883850097656
3089,-0.05311751365661621
3090,-0.1108243465423584
3091,-0.05748152732849121
3092,-0.07763051986694336
3093,0.08004474639892578
3094,0.06162762641906738
3095,-0.01197052001953125
3096,0.11081409454345703
3097,0.03453421592712402
3098,0.16070055961608887
3099,-0.13063764572143555
3100,-0.10482096672058105
3101,-0.09258222579956055
3102,-0.12492728233337402
3103,0.030226707458496094
3104,0.15207791328430176
3105,0.18840718269348145
3106,0.1650373935699463
3107,-0.12450718879699707
3108,-0.15465116500854492
3109,-0.050914764404296875
3110,-0.09003543853759766
3111,-0.22627520561218262
3112,-0.27491068840026855
3113,-0.16018438339233398
3114,-0.21251344680786133
3115,-0.9330806732177734
3116,-0.735170841217041
3117,-0.5498638153076172
3118,-0.5433878898620605
3119,-0.027133703231811523
3120,-0.13541865348815918
3121,0.01502370834350586
3122,0.008992195129394531
3123,-100.0
3124,-100.0
3125,-100.0
3126,-100.0
3127,-100.0
3128,-100.0
3129,-100.0
3130,-100.0
3131,-100.0
3132,-100.0
3133,-100.0
3134,-100.0
3135,-100.0
3136,-100.0
3137,-100.0
3138,-0.22539544105529785
3139,-0.4039430618286133
3140,-0.4589710235595703
3141,-0.4015357494354248
3142,-0.21933937072753906
3143,-0.4393956661224365
3144,0.17771220207214355
3145,0.10338854789733887
3146,0.13231158256530762
3147,0.0612635612487793
3148,-0.1577162742614746
3149,-0.16468048095703125
3150,0.1532912254333496
3151,0.13090777397155762
3152,0.07100868225097656
3153,0.07912731170654297
3154,0.1237185001373291
3155,0.08684015274047852
3156,-100.0
3157,-100.0
3158,-100.0
3159,-100.0
3160,-100.0
3161,-100.0
3162,-100.0
3163,-100.0
3164,-100.0
3165,-100.0
3166,-100.0
3167,-100.0
3168,-0.2538108825683594
3169,-0.15194225311279297
3170,-0.0959625244140625
3171,-0.14223933219909668
3172,-5.0220746994018555
3173,-3.394402503967285
3174,-3.2750182151794434
3175,-3.257131576538086
3176,-0.03441214561462402
3177,0.008733272552490234
3178,0.04588150978088379
3179,0.025635719299316406
3180,-0.44110536575317383
3181,-0.8230218887329102
3182,-0.7148299217224121
3183,-0.9655251502990723
3184,-0.5462336540222168
3185,-0.5909316539764404
3186,0.14879965782165527
3187,0.2104198932647705
3188,0.1185157299041748
3189,0.08563351631164551
3190,0.1591322422027588
3191,0.11029052734375
3192,-0.6235406398773193
3193,-0.9362308979034424
3194,-0.6692221164703369
3195,-0.9653315544128418
3196,-0.6143858432769775
3197,-0.7984969615936279
3198,-0.4708845615386963
3199,-0.1918635368347168
3200,-0.23885726928710938
3201,-0.22987675666809082
3202,-0.4305393695831299
3203,-0.151017427444458
3204,-0.2022702693939209
3205,-0.22280240058898926
3206,0.006264686584472656
3207,0.036032915115356445
3208,0.0386509895324707
3209,0.025555133819580078
3210,-0.600881814956665
3211,-0.5735270977020264
3212,-0.42424845695495605
3213,-0.40987539291381836
3214,-1.0738716125488281
3215,-0.803675651550293
3216,-0.7076616287231445
3217,-0.707984447479248
3218,-0.6315920352935791
3219,-0.5327129364013672
3220,-0.3503086566925049
3221,-0.37134242057800293
3222,-0.6551733016967773
3223,-0.2947080135345459
3224,-0.3907017707824707
3225,-0.40582942962646484
3226,0.20979785919189453
3227,0.22863984107971191
3228,0.20180106163024902
3229,0.20532631874084473
3230,-0.6309151649475098
3231,-0.3831305503845215
3232,-0.39464282989501953
3233,-0.3333618640899658
3234,-0.8227910995483398
3235,-0.8253660202026367
3236,-0.7422666549682617
3237,-0.760359525680542
3238,-0.7758378982543945
3239,-0.790820837020874
3240,0.09040617942810059
3241,0.13468694686889648
3242,0.09480786323547363
3243,0.1593017578125
3244,0.07719969749450684
3245,0.13329863548278809
3246,-0.9133336544036865
3247,-0.9741001129150391
3248,-1.5521173477172852
3249,-1.2044718265533447
3250,-1.2240080833435059
3251,-0.7431085109710693
3252,-2.116218090057373
3253,-2.4502978324890137
3254,-2.0449464321136475
3255,-1.873713493347168
3256,-2.4852335453033447
3257,0.22930097579956055
3258,0.3281834125518799
3259,0.3296971321105957
3260,0.30771398544311523
3261,0.322709321975708
3262,-2.205836296081543
3263,-2.676337957382202
3264,-2.1451504230499268
3265,-2.1166319847106934
3266,-2.0303304195404053
3267,-1.8314428329467773
3268,-1.332632064819336
3269,-1.6747379302978516
3270,-1.735137939453125
3271,-1.7255175113677979
3272,-1.104889154434204
3273,-1.7985203266143799
3274,-1.3449115753173828
3275,-1.7338204383850098
3276,-1.775477647781372
3277,-1.727393388748169
3278,-1.041710376739502
3279,0.1821424961090088
3280,0.1112213134765625
3281,0.14496874809265137
3282,0.11734199523925781
3283,0.11621952056884766
3284,0.13993430137634277
3285,-1.5239274501800537
3286,-1.3671045303344727
3287,-0.8911852836608887
3288,-0.8799235820770264
3289,-0.8230090141296387
3290,0.05114269256591797
3291,0.11830592155456543
3292,0.07785892486572266
3293,0.10509634017944336
3294,0.0995473861694336
3295,0.0618896484375
3296,-0.0022897720336914062
3297,0.014035224914550781
3298,0.02569270133972168
3299,0.03687906265258789
3300,-1.1789321899414062
3301,-1.118544101715088
3302,-1.1990017890930176
3303,-0.7674832344055176
3304,-0.6862297058105469
3305,-0.6372370719909668
3306,-1.1629955768585205
3307,-1.1571190357208252
3308,-1.117661714553833
3309,-0.7794902324676514
3310,-0.6267580986022949
3311,-0.6355633735656738
3312,-1.1886422634124756
3313,-1.1613521575927734
3314,-1.1592142581939697
3315,-0.7816860675811768
3316,-0.6906278133392334
3317,-0.6590714454650879
3318,-2.4844307899475098
3319,-1.051943063735962
3320,-0.9680476188659668
3321,-0.9312887191772461
3322,-0.7138440608978271
3323,-0.2652270793914795
3324,-0.2671356201171875
3325,-0.2683408260345459
3326,-2.4854514598846436
3327,-1.0195000171661377
3328,-0.9764692783355713
3329,-0.9146721363067627
3330,-2.103074073791504
3331,-1.8553285598754883
3332,-1.906378984451294
3333,-1.8361444473266602
3334,-2.002932548522949
3335,-2.127007484436035
3336,0.2647132873535156
3337,0.1797032356262207
3338,0.23224544525146484
3339,0.17635345458984375
3340,0.12385749816894531
3341,0.19575929641723633
3342,-2.0527563095092773
3343,-1.922903060913086
3344,-1.7950103282928467
3345,-1.9666712284088135
3346,-1.9505233764648438
3347,-2.2018394470214844
3348,-2.5125327110290527
3349,-1.8935573101043701
3350,-2.0171055793762207
3351,-2.5691845417022705
3352,-2.3240487575531006
3353,-2.248814105987549
3354,-0.9698765277862549
3355,-5.443593740463257
3356,-4.4384260177612305
3357,-4.488382577896118
3358,-5.383594751358032
3359,-5.168043613433838
3360,-5.112799644470215
3361,-2.290804386138916
3362,-0.35351085662841797
3363,-0.20833158493041992
3364,-0.24520039558410645
3365,-0.1752917766571045
3366,-0.4360837936401367
3367,-0.29981207847595215
3368,-0.046262502670288086
3369,-3.116032361984253
3370,-1.3162777423858643
3371,-1.4183785915374756
3372,-1.3651206493377686
3373,-2.658658981323242
3374,-1.4128005504608154
3375,-1.316390037536621
3376,-1.440424919128418
3377,-0.030063629150390625
3378,0.09756088256835938
3379,0.05764007568359375
3380,0.14775705337524414
3381,-3.9523985385894775
3382,-3.023066759109497
3383,-3.5449650287628174
3384,-3.1386046409606934
3385,-3.6027088165283203
3386,-3.263033390045166
3387,-1.34428071975708
3388,0.06004595756530762
3389,0.07611680030822754
3390,0.11856603622436523
3391,0.013335227966308594
3392,0.04767560958862305
3393,0.13859319686889648
3394,0.16845011711120605
3395,-13.195160150527954
3396,-10.82381010055542
3397,-11.60640287399292
3398,-10.263493776321411
3399,-10.166703939437866
3400,-10.86159348487854
3401,-4.81358528137207
3402,-3.2384302616119385
3403,-1.9175751209259033
3404,-1.8007574081420898
3405,-1.7213456630706787
3406,0.12618088722229004
3407,-0.03229641914367676
3408,0.07689595222473145
3409,0.12413692474365234
3410,-3.2946794033050537
3411,-1.9320602416992188
3412,-1.7939846515655518
3413,-1.7728862762451172
3414,-4.409564256668091
3415,-3.788515329360962
3416,-2.606444835662842
3417,-2.2903051376342773
3418,-2.1341049671173096
3419,-5.177767515182495
3420,-4.583094835281372
3421,-3.0967917442321777
3422,-2.854464054107666
3423,-2.6075069904327393
3424,0.09424805641174316
3425,0.03083658218383789
3426,-0.0709381103515625
3427,0.07020688056945801
3428,0.026607990264892578
3429,-4.073037147521973
3430,-2.0353362560272217
3431,-2.009524345397949
3432,-1.8291068077087402
3433,-4.055426597595215
3434,-2.028775930404663
3435,-2.0471017360687256
3436,-1.8523805141448975
3437,-1.6324994564056396
3438,-0.7989323139190674
3439,-0.8344354629516602
3440,-0.7272818088531494
3441,-6.217644929885864
3442,-4.17458438873291
3443,-2.886291265487671
3444,-2.650740623474121
3445,-2.387749195098877
3446,0.09440732002258301
3447,0.12351322174072266
3448,0.09367752075195312
3449,0.07585024833679199
3450,0.10871171951293945
3451,-4.905148267745972
3452,-4.30012583732605
3453,-2.9508306980133057
3454,-2.67136287689209
3455,-2.492398500442505
3456,-6.1951234340667725
3457,-5.521584510803223
3458,-5.880060434341431
3459,-6.775636434555054
3460,-6.786045551300049
3461,-6.315412998199463
3462,-2.876655340194702
3463,-7.2564191818237305
3464,-5.970874309539795
3465,-6.237358093261719
3466,-6.375905513763428
3467,-7.383679151535034
3468,-6.794210433959961
3469,-3.0205302238464355
3470,-0.2253425121307373
3471,-0.2092576026916504
3472,-0.2319345474243164
3473,-0.1936967372894287
3474,-0.3144245147705078
3475,-0.18311548233032227
3476,-0.038819074630737305
3477,-7.221243619918823
3478,-6.406208276748657
3479,-6.962738513946533
3480,-7.020139932632446
3481,-6.482637166976929
3482,-6.610912322998047
3483,-2.9196176528930664
3484,0.08809733390808105
3485,0.19246745109558105
3486,0.08847904205322266
3487,0.16715383529663086
3488,0.1136775016784668
3489,0.16074180603027344
3490,0.15464115142822266
3491,0.16725397109985352
3492,0.13565945625305176
3493,0.05673074722290039
3494,0.1539006233215332
3495,0.1477985382080078
3496,0.12642335891723633
3497,0.12558913230895996
3498,-8.598533868789673
3499,-5.187479496002197
3500,-5.426310062408447
3501,-5.060447454452515
3502,-0.2131505012512207
3503,-0.1185305118560791
3504,-0.16726422309875488
3505,-0.14858222007751465
3506,-0.7720167636871338
3507,-0.5154857635498047
3508,-0.4365835189819336
3509,-0.4536011219024658
3510,-10.154889345169067
3511,-5.597493410110474
3512,-5.938361883163452
3513,-4.974670648574829
3514,0.24842286109924316
3515,0.21691536903381348
3516,0.18279433250427246
3517,0.2532076835632324
3518,-0.28636789321899414
3519,-0.17140722274780273
3520,-0.18789076805114746
3521,-0.16942572593688965
3522,-10.4495530128479
3523,-5.5793585777282715
3524,-5.808239221572876
3525,-4.881969451904297
3526,-8.704451322555542
3527,-5.606858968734741
3528,-5.621184825897217
3529,-4.926799774169922
3530,-0.3459129333496094
3531,-0.22030282020568848
3532,-0.18076872825622559
3533,-0.2163989543914795
3534,-16.207525491714478
3535,-17.100098133087158
3536,-19.264598608016968
3537,-19.334251284599304
3538,-19.064551830291748
3539,-18.57340919971466
3540,-6.436060190200806
3541,-6.873892307281494
3542,-6.647690296173096
3543,-6.9724671840667725
3544,-6.607260227203369
3545,-6.302103757858276
3546,-10.45197343826294
3547,-10.885374069213867
3548,-10.892210960388184
3549,-11.060522079467773
3550,-10.774689674377441
3551,-10.297931671142578
3552,-34.601383090019226
3553,-34.07268464565277
3554,-22.97759699821472
3555,-22.483930587768555
3556,-21.60629177093506
3557,0.09280157089233398
3558,0.09044408798217773
3559,-0.07879018783569336
3560,0.08237838745117188
3561,0.050028324127197266
3562,-33.75711214542389
3563,-34.281102657318115
3564,-22.60087025165558
3565,-23.110576510429382
3566,-21.084391236305237
3567,-73.94651091098785
3568,-32.38862693309784
3569,-27.246487379074097
3570,-31.798577785491943
3571,-55.30563461780548
3572,-32.427061915397644
3573,-29.618558645248413
3574,-32.66890490055084
3575,-100.0
3576,-169.47221660614014
3577,-100.0
3578,-100.0
3579,-33.93405294418335
3580,-29.816802859306335
3581,-12.322202205657959
3582,-13.702048540115356
3583,-13.942732095718384
3584,-12.368204832077026
3585,-5.066251993179321
3586,-5.639001369476318
3587,-100.0
3588,-100.0
3589,-100.0
3590,-100.0
3591,-0.0017061233520507812
3592,-0.016716957092285156
3593,-0.010011434555053711
3594,0.09972763061523438
3595,-1.6754801273345947
3596,-0.6611354351043701
3597,-0.7332546710968018
3598,-0.678114652633667
3599,-100.0
3600,-100.0
3601,-100.0
3602,-100.0
3603,-100.0
3604,-100.0
3605,-100.0
3606,-100.0
3607,-100.0
3608,-100.0
3609,-100.0
3610,-100.0
3611,-100.0
3612,-100.0
3613,-100.0
3614,-100.0
3615,-100.0
3616,-100.0
3617,-1.2776358127593994
3618,-1.1818170547485352
3619,-1.376887321472168
3620,-14.055781841278076
3621,-13.84451413154602
3622,-13.77478313446045
3623,-17.56486141681671
3624,-100.0
3625,-100.0
3626,-100.0
3627,-100.0
3628,-100.0
3629,-100.0
3630,-100.0
3631,-100.0
3632,-100.0
3633,-100.0
3634,-100.0
3635,-100.0
3636,-100.0
3637,-100.0
3638,-100.0
3639,-100.0
3640,-100.0
3641,-100.0
3642,-100.0
3643,-100.0
3644,-100.0
3645,-100.0
3646,-100.0
3647,-100.0
3648,-100.0
3649,-100.0
3650,-100.0
3651,-100.0
3652,-100.0
3653,-100.0
3654,-100.0
3655,-100.0
3656,-100.0
3657,-100.0
3658,-100.0
3659,-76.90737211704254
3660,-100.0
3661,-100.0
3662,-69.85300183296204
3663,-165.8456894159317
3664,-100.0
3665,-100.0
3666,-100.0
3667,-100.0
3668,-100.0
3669,-100.0
3670,-100.0
3671,-100.0
3672,-100.0
3673,-100.0
3674,-100.0
3675,-100.0
3676,-100.0
3677,-100.0
3678,-11.020851135253906
3679,-10.476420521736145
3680,-13.885321021080017
3681,-100.0
3682,-100.0
3683,-100.0
3684,-100.0
3685,-100.0
3686,-100.0
3687,-100.0
3688,-100.0
3689,-100.0
3690,-100.0
3691,-100.0
3692,-100.0
3693,-100.0
3694,-100.0
3695,-100.0
3696,-100.0
3697,-100.0
3698,-100.0
3699,-100.0
3700,-100.0
3701,-100.0
3702,-100.0
3703,-100.0
3704,-100.0
3705,-100.0
3706,-100.0
3707,-100.0
3708,-100.0
3709,-100.0
3710,-100.0
3711,-100.0
3712,-100.0
3713,-100.0
3714,-100.0
3715,-100.0
3716,-100.0
3717,-100.0
3718,-100.0
3719,-100.0
3720,-100.0
3721,-100.0
3722,-100.0
3723,-100.0
3724,-100.0
3725,-100.0
3726,-100.0
3727,-100.0
3728,-100.0
3729,-100.0
3730,-100.0
3731,-100.0
3732,-100.0
3733,-100.0
3734,-100.0
3735,-100.0
3736,-100.0
3737,-100.0
3738,-100.0
3739,-11.495604515075684
3740,-16.024290323257446
3741,-12.840055227279663
3742,-85.50390958786011
3743,-100.0
3744,-100.0
3745,-73.58563446998596
3746,-100.0
3747,-100.0
3748,-100.0
3749,-100.0
3750,-100.0
3751,-100.0
3752,-100.0
3753,-100.0
3754,-100.0
3755,-100.0
3756,-100.0
3757,-100.0
3758,-100.0
3759,-100.0
3760,-100.0
3761,-100.0
3762,-100.0
3763,-100.0
3764,-100.0
3765,-100.0
3766,-100.0
3767,-100.0
3768,-100.0
3769,-100.0
3770,-100.0
3771,-100.0
3772,-100.0
3773,-100.0
3774,-100.0
3775,-100.0
3776,-100.0
3777,-100.0
3778,-100.0
3779,-100.0
3780,-100.0
3781,-100.0
3782,-100.0
3783,-100.0
3784,-100.0
3785,-100.0
3786,-100.0
3787,-100.0
3788,-100.0
3789,-100.0
3790,-100.0
3791,-100.0
3792,-100.0
3793,-100.0
3794,-100.0
3795,-100.0
3796,-100.0
3797,-100.0
3798,-100.0
3799,-100.0
3800,-100.0
3801,-100.0
3802,-100.0
3803,-100.0
3804,-100.0
3805,-100.0
3806,-100.0
3807,-100.0
3808,-100.0
3809,-100.0
3810,-100.0
3811,-100.0
3812,-100.0
3813,-100.0
3814,-100.0
3815,-100.0
3816,-100.0
3817,-100.0
3818,-100.0
3819,-100.0
3820,-100.0
3821,-100.0
3822,-100.0
3823,-100.0
3824,-100.0
3825,-100.0
3826,-100.0
3827,-100.0
3828,-100.0
3829,-100.0
3830,-100.0
3831,-100.0
3832,-100.0
3835,-100.0
3836,-100.0
3837,-100.0
3838,-100.0
3839,-100.0
3840,-100.0
3841,-100.0
3842,-100.0
3843,-100.0
3844,-100.0
3845,-100.0
3846,-100.0
3847,-100.0
3848,-100.0
3849,-100.0
3850,-100.0
3851,-100.0
3852,-100.0
3853,-100.0
3854,-100.0
3855,-100.0
3856,-100.0
3857,-100.0
3858,-100.0
3859,-100.0
3860,-100.0
3861,-0.12920117378234863
3862,0.4648468494415283
3863,0.11717772483825684
3864,-0.22221136093139648
3865,0.28580451011657715
3866,-0.42972683906555176
3867,-0.030003786087036133
3868,-0.2682816982269287
3869,-0.0984506607055664
3870,0.32106614112854004
3871,-0.2577636241912842
3872,0.5850367546081543
3873,0.5281903743743896
3874,-0.22618770599365234
3875,-0.2263166904449463
3876,-0.07841706275939941
3877,0.4572460651397705
3878,0.21880173683166504
3879,-0.16820001602172852
3880,-0.1235039234161377
3881,-0.3845055103302002
3882,0.1524808406829834
3883,-0.7820589542388916
3884,-0.22167444229125977
3885,-0.7327513694763184
3886,-0.1818687915802002
3887,0.6752407550811768
3888,0.3723886013031006
3889,0.019951581954956055
3890,0.15012550354003906
3891,0.16908788681030273
3892,1.0722475051879883
3893,0.6556296348571777
3894,0.4692385196685791
3895,0.8391761779785156
3896,0.43420863151550293
3897,1.0043890476226807
3898,-0.7832188606262207
3899,0.672374963760376
3900,-1.6068785190582275
3901,0.4682047367095947
3902,0.9723086357116699
3903,0.8216276168823242
3904,0.6925067901611328
3905,-0.03245258331298828
3906,-3.955475330352783
3907,-3.399325370788574
3908,-3.242794156074524
3909,-3.6532654762268066
3910,-3.850214719772339
3911,-4.080485463142395
3912,-3.800926446914673
3913,-3.3365743160247803
3914,-4.326907634735107
3915,-3.9237735271453857
3916,-3.741679549217224
3917,-3.596837282180786
3918,-4.0370447635650635
3919,-4.42009174823761
3920,-3.851680040359497
3921,-0.42847633361816406
3922,-0.06287145614624023
3923,-0.3279910087585449
3924,-0.6296229362487793
3925,-0.7198314666748047
3926,-0.2419750690460205
3927,-0.20594382286071777
3928,-0.5939764976501465
3929,0.11554288864135742
3930,-0.6243138313293457
3931,-0.23851799964904785
3932,-0.14889001846313477
3933,-1.0083096027374268
3934,-1.0848519802093506
3935,0.18560004234313965
3936,-0.33130741119384766
3937,-1.079240083694458
3938,-0.6618237495422363
3939,0.041545867919921875
3940,-0.8167986869812012
3941,-0.4954671859741211
3942,-0.46882081031799316
3943,0.10128974914550781
3944,0.0706183910369873
3945,-0.033144474029541016
3946,0.10190343856811523
3947,-0.15654563903808594
3948,-0.15530133247375488
3949,0.16306281089782715
3950,-0.11260867118835449
3951,0.11523795127868652
3952,0.12174797058105469
3953,0.4977848529815674
3954,0.7998969554901123
3955,-0.3215475082397461
3956,0.00043892860412597656
3957,1.5233604907989502
3958,1.692915678024292
3959,2.0317907333374023
3960,1.7311766147613525
3961,0.22319722175598145
3962,1.1188414096832275
3963,0.0734260082244873
3964,1.4860222339630127
3965,0.3247568607330322
3966,1.4484260082244873
3967,1.6737182140350342
3968,0.42739129066467285
3969,1.101335048675537
3970,1.0101191997528076
3971,1.1845595836639404
3972,0.5494334697723389
3973,1.1790764331817627
3974,0.7066934108734131
3975,1.1279816627502441
3976,0.3306243419647217
3977,1.212048053741455
3978,0.5464816093444824
3979,0.8297803401947021
3980,1.1837213039398193
3981,0.6393101215362549
3982,-0.12437653541564941
3983,0.11267352104187012
3984,0.4030909538269043
3985,0.14319181442260742
3986,0.8228621482849121
3987,-0.04561448097229004
3988,0.8427791595458984
3989,0.7735331058502197
3990,0.3703615665435791
3991,0.25011730194091797
3992,-0.057558298110961914
3993,0.8701515197753906
3994,0.9064662456512451
3995,0.8395979404449463
3996,0.8613243103027344
3997,0.00033855438232421875
3998,0.6316535472869873
3999,0.13210749626159668
4000,0.7163329124450684
4001,0.7161376476287842
4002,-100.0
4003,-100.0
4004,-100.0
4005,-100.0
4006,-100.0
4007,-100.0
4008,-100.0
4009,-100.0
4010,-100.0
4011,-100.0
4012,-100.0
4013,-100.0
4014,-100.0
4015,-100.0
4016,-100.0
4017,-100.0
4018,-100.0
4019,-100.0
4020,-100.0
4021,-100.0
4022,-100.0
4023,-100.0
4024,-100.0
4025,-100.0
4026,-100.0
4027,-100.0
4028,-100.0
4029,-100.0
4030,-14.901777386665344
4031,-14.792228698730469
4032,-0.37533652782440186
4033,-13.745608448982239
4034,-13.254517197608948
4035,3.51431143283844
4036,-15.938472986221313
4037,-100.0
4038,-100.0
4039,-100.0
4040,-100.0
4041,-100.0
4042,-100.0
4043,-100.0
4044,-100.0
4045,-100.0
4046,-100.0
4047,-100.0
4048,-100.0
4049,-100.0
4050,-100.0
4051,-100.0
4052,-100.0
4053,-100.0
4054,-100.0
4055,-100.0
4056,-100.0
4057,-100.0
4058,-100.0
4059,-100.0
4060,-100.0
4061,-100.0
4062,-100.0
4063,-100.0
4064,-100.0
4065,26.30444324016571
4066,23.272852182388306
4067,23.23454451560974
4068,25.881043195724487
4069,24.443430542945862
4070,24.4501975774765
4071,22.687261819839478
4072,24.505837440490723
4073,25.274910807609558
4074,21.099440217018127
4075,7.330896854400635
4076,2.8977354764938354
4077,5.999000310897827
4078,7.479379415512085
4079,10.139954686164856
4080,8.234621286392212
4081,4.818524479866028
4082,5.884347677230835
4083,46.76534819602966
4084,2.317782998085022
4085,41.7566237449646
4086,40.48220777511597
4087,39.20318782329559
4088,23.6016788482666
4089,22.517730951309204
4090,29.73309564590454
4091,41.917269229888916
4092,29.86984694004059
4093,28.371103763580322
4094,26.82628607749939
4095,21.530229687690735
4096,22.003257751464844
4097,22.48285663127899
4098,23.935367345809937
4099,21.846999168395996
4100,22.28792905807495
4101,21.87090575695038
4102,22.33724856376648
4103,21.980340719223022
4104,21.54071533679962
4105,20.155688047409058
4106,22.053592681884766
4107,21.760570526123047
4108,24.971772074699402
4109,25.869879961013794
4110,22.003981232643127
4111,24.81307065486908
4112,18.516226291656494
4113,20.84350299835205
4114,20.934830904006958
4115,23.260762572288513
4116,21.17498207092285
4117,22.166226506233215
4118,20.68687343597412
4119,23.075323224067688
4120,21.69802486896515
4121,22.002397060394287
4122,19.83558487892151
4123,21.93855857849121
4124,21.64473283290863
4125,-55.77327251434326
4126,-50.67996370792389
4127,-48.43942379951477
4128,-43.868560671806335
4129,-44.209171175956726
4130,-44.62266945838928
4131,-42.82147741317749
4132,-45.14377319812775
4133,-55.26344382762909
4134,-43.57566857337952
4135,-0.39193272590637207
4136,-0.48444271087646484
4137,-0.4371657371520996
4138,-0.4255189895629883
4139,0.06878948211669922
4140,0.08984875679016113
4141,0.10033059120178223
4142,0.10860323905944824
4143,0.07161617279052734
4144,0.018326997756958008
4145,0.008478879928588867
4146,-0.03243231773376465
4147,0.022771358489990234
4148,0.008262157440185547
4149,0.09104132652282715
4150,0.09055709838867188
4151,0.10027790069580078
4152,0.061321258544921875
4153,0.13184762001037598
4154,0.06500720977783203
4155,0.07748579978942871
4156,0.10695934295654297
4157,0.10066342353820801
4158,0.08866715431213379
4159,-0.021474838256835938
4160,0.012556314468383789
4161,0.06005740165710449
4162,-0.04756355285644531
4163,0.013222932815551758
4164,-0.3224501609802246
4165,-0.3163437843322754
4166,-0.2849092483520508
4167,-0.28856563568115234
4168,-0.32871007919311523
4169,-0.41478967666625977
4170,-0.260939359664917
4171,-0.34241700172424316
4172,-0.18731904029846191
4173,-0.5646803379058838
4174,-0.5609538555145264
4175,-0.4995386600494385
4176,-0.14345073699951172
4177,-0.2658390998840332
4178,0.18116044998168945
4179,0.21291685104370117
4180,0.040307044982910156
4181,0.03741931915283203
4182,0.029276609420776367
4183,0.03131246566772461
4184,0.06600499153137207
4185,-11.932587623596191
4186,-10.555696487426758
4187,-10.123247861862183
4188,-9.787334442138672
4189,-10.044903039932251
4190,-10.524947881698608
4191,-10.726622104644775
4192,-0.20034241676330566
4193,-0.25559282302856445
4194,-0.3396639823913574
4195,-0.1289994716644287
4196,-0.16072726249694824
4197,-0.18567371368408203
4198,-0.1429119110107422
4199,-0.03530454635620117
4200,0.0059566497802734375
4201,-0.02989506721496582
4202,0.018817663192749023
4203,-0.006221294403076172
4204,0.05282020568847656
4205,0.07556891441345215
4206,-0.49038076400756836
4207,-0.39928650856018066
4208,-0.39351558685302734
4209,-0.38068127632141113
4210,-0.3317699432373047
4211,-0.4070611000061035
4212,-0.4014730453491211
4213,0.11053681373596191
4214,0.1600356101989746
4215,0.14933156967163086
4216,0.129713773727417
4217,0.13530349731445312
4218,0.15618681907653809
4219,0.15238404273986816
4220,0.010878801345825195
4221,0.04137229919433594
4222,0.07777547836303711
4223,-0.04041767120361328
4224,0.017261981964111328
4225,-0.004834651947021484
4226,0.05067610740661621
4227,-0.0036466121673583984
4228,-0.03624248504638672
4229,-0.07476973533630371
4230,0.00022912025451660156
4231,-0.11519980430603027
4232,-0.03419160842895508
4233,-0.0009493827819824219
4234,0.0023887157440185547
4235,-0.03344559669494629
4236,-0.03202104568481445
4237,-0.04953932762145996
4238,0.046339988708496094
4239,-0.09606695175170898
4240,-0.012169361114501953
4241,0.025532245635986328
4242,0.01592707633972168
4243,0.0907590389251709
4244,-0.07689428329467773
4245,-0.02421879768371582
4246,-0.04633283615112305
4247,0.026581525802612305
4248,0.04942154884338379
4249,0.02289295196533203
4250,0.031731367111206055
4251,-0.02126312255859375
4252,0.01648736000061035
4253,0.016440153121948242
4254,0.09592485427856445
4255,0.00041794776916503906
4256,-0.015740156173706055
4257,-0.027196407318115234
4258,-0.050206899642944336
4259,0.012183427810668945
4260,0.045755624771118164
4261,0.04323554039001465
4262,-0.006795644760131836
4263,-0.025603294372558594
4264,-0.011047601699829102
4265,-0.022492647171020508
4266,-0.07709121704101562
4267,-0.0009222030639648438
4268,0.0810844898223877
4269,-0.02257513999938965
4270,-0.08506560325622559
4271,0.04396533966064453
4272,-0.08830642700195312
4273,-0.02218794822692871
4274,-0.03881239891052246
4275,0.00051116943359375
4276,-0.024472475051879883
4277,-0.07080245018005371
4278,0.04957842826843262
4279,-0.009578227996826172
4280,0.03997516632080078
4281,0.06380462646484375
4282,0.12714004516601562
4283,-0.16025853157043457
4284,-0.12404036521911621
4285,-0.09895944595336914
4286,-0.0805060863494873
4287,-0.14873433113098145
4288,-0.03165864944458008
4289,-0.09779572486877441
4290,-22.81515097618103
4291,-25.935042142868042
4292,-25.449188113212585
4293,-23.589510202407837
4294,-24.770245790481567
4295,-23.304000854492188
4296,-23.207346081733704
4297,-23.830962657928467
4298,-23.20795440673828
4299,-100.0
4300,-134.7135192155838
4301,-100.0
4302,-100.0
4303,-100.0
4304,-126.56661784648895
4305,-100.0
4306,-125.72406351566315
4307,-100.0
4308,-18.11054539680481
4309,-17.875128030776978
4310,-18.361581325531006
4311,-19.165582418441772
4312,-18.89347505569458
4313,-18.09476912021637
4314,-16.212509155273438
4315,-17.40854501724243
4316,-18.856178402900696
4317,0.08947563171386719
4318,0.17682504653930664
4319,0.10718560218811035
4320,0.1361393928527832
4321,0.04971480369567871
4322,0.12920212745666504
4323,0.05941891670227051
4324,0.07728099822998047
4325,0.12825989723205566
4326,0.0586395263671875
4327,0.08710217475891113
4328,0.16304898262023926
4329,0.07309365272521973
4330,0.157318115234375
4331,0.1360762119293213
4332,0.11660957336425781
4333,-0.25456857681274414
4334,-0.25530457496643066
4335,-0.16219687461853027
4336,0.3002300262451172
4337,0.09102988243103027
4338,0.05848073959350586
4339,0.0769965648651123
4340,-0.2837691307067871
4341,-0.28369855880737305
4342,0.16363048553466797
4343,-0.1952211856842041
4344,-0.17445778846740723
4345,-0.17459464073181152
4346,-0.13611817359924316
4347,-0.11655402183532715
4348,0.13616609573364258
4349,0.12363314628601074
4350,-0.03763747215270996
4351,0.3001229763031006
4352,-0.18233394622802734
4353,-0.305999755859375
4354,-0.24860501289367676
4355,-0.3985602855682373
4356,0.07800698280334473
4357,-0.18418526649475098
4358,-0.13774466514587402
4359,-0.16452264785766602
4360,-0.08529996871948242
4361,0.035321712493896484
4362,-0.1002957820892334
4363,0.018365859985351562
4364,0.2791004180908203
4365,0.11717343330383301
4366,0.07786798477172852
4367,0.05562901496887207
4368,-0.1183021068572998
4369,-0.05690336227416992
4370,-0.0169675350189209
4371,0.146500825881958
4372,0.3533816337585449
4373,0.06221437454223633
4374,0.2321164608001709
4375,0.2556023597717285
4376,-0.0185239315032959
4377,-0.10219645500183105
4378,0.12278509140014648
4379,0.22257685661315918
4380,0.07240724563598633
4381,0.07909774780273438
4382,0.10416364669799805
4383,-0.007681608200073242
4384,0.40916991233825684
4385,-0.00652766227722168
4386,0.002573251724243164
4387,-0.0046312808990478516
4388,0.002916574478149414
4389,-1.588559627532959
4390,-1.2939176559448242
4391,-1.3104100227355957
4392,-1.2102277278900146
4393,-1.3697137832641602
4394,-1.9920053482055664
4395,-2.5252556800842285
4396,-1.1149020195007324
4397,-0.9375247955322266
4398,-1.7123701572418213
4399,-1.1652474403381348
4400,-1.3634097576141357
4401,-1.056154727935791
4402,-1.8933186531066895
4403,-5.674293041229248
4404,-6.2522523403167725
4405,-5.973895788192749
4406,-7.1297926902771
4407,-5.2497735023498535
4408,-4.957601070404053
4409,-5.616032361984253
4410,-2.790522336959839
4411,-3.7950117588043213
4412,-2.845533847808838
4413,-4.373711824417114
4414,-2.2282721996307373
4415,-2.9738054275512695
4416,-2.8112449645996094
4417,-1.9234464168548584
4418,-2.1972014904022217
4419,-2.3817243576049805
4420,-2.598170042037964
4421,-2.2075319290161133
4422,-2.0912928581237793
4423,-2.4137558937072754
4424,-11.017980098724365
4425,-7.2976250648498535
4426,-9.713526248931885
4427,-11.530746698379517
4428,-9.495033264160156
4429,-9.66258454322815
4430,-12.909581899642944
4431,0.4269535541534424
4432,0.2461566925048828
4433,-0.12221980094909668
4434,0.26937222480773926
4435,0.22443747520446777
4436,-0.07363533973693848
4437,0.09668731689453125
4438,0.514296293258667
4439,0.5438354015350342
4440,0.34508585929870605
4441,0.11435413360595703
4442,-0.025676727294921875
4443,0.006855010986328125
4444,0.16669225692749023
4445,-0.05416560173034668
4446,0.12265872955322266
4447,0.28476762771606445
4448,0.005354166030883789
4449,-0.16140460968017578
4450,0.13097858428955078
4451,-0.16608524322509766
4452,-0.8788630962371826
4453,-0.8165984153747559
4454,-0.8252854347229004
4455,-0.8799514770507812
4456,-0.811753511428833
4457,-0.8506288528442383
4458,-1.1717767715454102
4459,-1.153639793395996
4460,-0.7180557250976562
4461,-0.9242384433746338
4462,-1.253774881362915
4463,-1.5996055603027344
4464,-0.9824905395507812
4465,-1.195526361465454
4466,-6.35995078086853
4467,-8.283875703811646
4468,-7.205574989318848
4469,-7.021966934204102
4470,-11.257472276687622
4471,-7.505914211273193
4472,-9.311115026473999
4473,-45.40476596355438
4474,-42.00102412700653
4475,-44.25525176525116
4476,-42.04142224788666
4477,-47.1514892578125
4478,-48.70815110206604
4479,-40.49657583236694
4480,-8.688087940216064
4481,-8.87212586402893
4482,-9.332916259765625
4483,-9.950847864151001
4484,-8.43576169013977
4485,-8.14645504951477
4486,-7.483731985092163
4487,-10.569044589996338
4488,-8.745945453643799
4489,-9.798290252685547
4490,-9.444941282272339
4491,-10.366956949234009
4492,-8.336571455001831
4493,-8.41612458229065
4494,-73.85055315494537
4495,-76.26254522800446
4496,-77.21776390075684
4497,-79.26353514194489
4498,-70.08672833442688
4499,-77.28539776802063
4500,-61.80500543117523
4501,-72.22316837310791
4502,-74.80551493167877
4503,-62.37439978122711
4504,-63.362528800964355
4505,-44.245893120765686
4506,-45.37743616104126
4507,-44.62950849533081
4508,-42.985461831092834
4509,-44.49445378780365
4510,-42.88250267505646
4511,-45.056053161621094
4512,-43.86159288883209
4513,-41.901816725730896
4514,-43.67372024059296
4515,-38.50832116603851
4516,-4.6663360595703125
4517,-4.535145044326782
4518,-4.629920721054077
4519,-4.763667583465576
4520,-4.606036186218262
4521,-4.781233072280884
4522,-3.9409289360046387
4523,-4.096930503845215
4524,-4.1703269481658936
4525,-228.8416178226471
4526,-243.9555653333664
4527,-238.4804984331131
4528,-251.114488363266
4529,-240.838188290596
4530,-241.95966577529907
4531,-201.02382171154022
4532,-247.43815195560455
4533,-252.6839838027954
4534,-216.6582305431366
4535,-219.02340757846832
4536,-100.0
4537,-100.0
4538,-100.0
4539,-100.0
4540,-100.0
4541,-100.0
4542,-100.0
4543,-100.0
4544,-100.0
4545,-100.0
4546,-100.0
4547,-100.0
4548,-100.0
4549,-100.0
4550,-100.0
4551,-100.0
4552,-100.0
4553,-100.0
4554,-100.0
4555,-100.0
4556,-100.0
4557,-100.0
4558,-100.0
4559,-100.0
4560,-100.0
4561,-100.0
4562,-100.0
4563,-11.324662685394287
4564,-13.410166263580322
4565,-12.707716703414917
4566,-11.656820058822632
4567,-11.785056114196777
4568,-11.115716934204102
4569,-10.925861597061157
4570,-11.630814552307129
4571,-10.480879068374634
4572,-7.013458251953125
4573,-6.573340654373169
4574,-5.499638319015503
4575,-6.684535503387451
4576,-8.533983945846558
4577,-7.060944318771362
4578,-6.44286847114563
4579,-6.244480848312378
4580,-6.611000299453735
4581,-1.8108282089233398
4582,-2.041579008102417
4583,-1.626584529876709
4584,-1.6327126026153564
4585,-1.7059800624847412
4586,-1.6790797710418701
4587,-1.5382916927337646
4588,-1.7954370975494385
4589,-1.5477814674377441
4590,-15.02705693244934
4591,-11.64773964881897
4592,-17.29512107372284
4593,-15.610276699066162
4594,-13.643441438674927
4595,-15.961674213409424
4596,-14.393799781799316
4597,-14.328712224960327
4598,-13.6802396774292
4599,-8.045178413391113
4600,-11.389791011810303
4601,-9.941616773605347
4602,-10.229605197906494
4603,-8.85149359703064
4604,-8.221308946609497
4605,-8.376788854598999
4606,-7.250933408737183
4607,-8.206868886947632
4608,-1.6669628620147705
4609,-1.848374366760254
4610,-1.7823452949523926
4611,-1.8273036479949951
4612,-1.7382347583770752
4613,-2.0641355514526367
4614,-1.7997660636901855
4615,-1.6469364166259766
4616,-1.6962494850158691
4617,-1.4880073070526123
4618,-1.3788933753967285
4619,-1.2729160785675049
4620,-1.4053254127502441
4621,-1.4694314002990723
4622,-1.6107254028320312
4623,-1.5528225898742676
4624,-1.8626303672790527
4625,-1.866405725479126
4626,-1.0806605815887451
4627,-1.1023998260498047
4628,-0.83540940284729
4629,-1.1332437992095947
4630,-1.0555119514465332
4631,-0.9810900688171387
4632,-0.9277801513671875
4633,-1.3577547073364258
4634,-1.2512173652648926
4635,-0.1759474277496338
4636,-0.1760401725769043
4637,-0.37262392044067383
4638,-0.14157676696777344
4639,-0.14273667335510254
4640,-0.26530909538269043
4641,-0.2310478687286377
4642,-0.3314087390899658
4643,-0.16230487823486328
4644,-100.0
4645,-100.0
4646,-100.0
4647,-100.0
4648,-100.0
4649,-100.0
4650,-100.0
4651,-100.0
4652,-100.0
4653,-100.0
4654,-100.0
4655,-100.0
4656,-100.0
4657,-100.0
4658,-100.0
4659,-100.0
4660,-100.0
4661,-100.0
4662,-100.0
4663,-100.0
4664,-100.0
4665,-100.0
4666,-100.0
4667,-100.0
4668,-100.0
4669,-100.0
4670,-100.0
4671,-100.0
4672,-100.0
4673,-100.0
4674,-100.0
4675,-100.0
4676,-100.0
