,diff rewr-orig
0,0.044086998554704215
1,0.04369772319977151
2,0.04613242364211482
3,0.04555511460349225
4,0.044378969692694344
5,0.046132651311685674
6,0.04398684194298939
7,0.04360757042727876
8,0.044051865031342057
9,0.2666595455921815
10,0.25391058609479983
11,0.2668616775832335
12,0.2718888463711044
13,0.2642569462443349
14,0.26629589730273195
15,0.07757669560215669
16,0.07771633962484181
17,0.0804151581651411
18,0.2634304906085687
19,0.26264588884899437
20,0.2504841486202705
21,0.26233543374370916
22,0.2555826681354781
23,0.2537997913886758
24,0.25149844400108806
25,0.2534608572518778
26,0.26319028201620964
27,0.05268419046591177
28,0.0544741817069006
29,0.05087626103009403
30,0.051670377633007095
31,0.04809187623660508
32,0.04965055311883448
33,0.051910345831580926
34,0.05063899092688337
35,0.049791429485763886
36,0.054878243276030525
37,0.052971175298731715
38,0.0521633819838302
39,0.05276991008613362
40,0.05337335821463459
41,0.05273010452723683
42,0.04390492964910617
43,0.04545123191975372
44,0.043751582750052725
45,0.1909121650149487
46,0.1720146769384507
47,0.1942287715345888
48,0.17711151619520513
49,0.19893549766727292
50,0.18971537043632647
51,0.19546371239025004
52,0.1957605457452054
53,0.1897798588220793
54,0.17467956685254876
55,0.16084048541284915
56,0.16515013319347965
57,0.1631857903600332
58,0.16212442391434267
59,0.17238738264264344
60,0.16650445217763513
61,0.1803148816178606
62,0.17473922654805776
63,0.12079295983671635
64,0.12198371885233276
65,0.12170405274018538
66,0.11438877084160905
67,0.11464264054870481
68,0.11330048339740505
69,0.11709170075151275
70,0.11540343833497022
71,0.11605772886138391
72,0.17440785000185938
73,0.17652017020661712
74,0.17758593834156697
75,0.1771927989286504
76,0.17721456640151656
77,0.1754222565419767
78,0.1766856224911952
79,0.17729064898330485
80,0.17654514966101717
81,0.24876410029490675
82,0.25054650515155275
83,0.24874997101984803
84,0.2356619521929967
85,0.25894018347883213
86,0.2553124932690167
87,0.04102689906299476
88,0.04308863456516802
89,0.040013791425187184
90,0.19017005302405948
91,0.19803973473000355
92,0.19191568193642264
93,0.20207975309964582
94,0.20196111586149845
95,0.20295594696977312
96,0.19176690134658347
97,0.19210261029283762
98,0.1976917308826041
99,0.12875074768028533
100,0.12322997289657774
101,0.12376435905638745
102,0.12990422766795132
103,0.11836503145222951
104,0.12732917032514807
105,0.03609089557361912
106,0.036238523659647665
107,0.03822019358025268
108,0.26573857026525444
109,0.2665992815369877
110,0.2997853431698808
111,0.2624610577259877
112,0.28114543096837313
113,0.2652147652348968
114,0.263344930929587
115,0.240820106115979
116,0.2552916223167917
117,-0.04469821554549474
118,-0.0388687178776224
119,-0.04056889547679271
120,-0.039910476919360706
121,-0.039913913271869536
122,-0.051282911204525605
123,-0.04144901042910267
124,-0.042925341237575736
125,-0.04182704348851314
126,0.1795409525130362
127,0.1785414870461426
128,0.1887315549685703
129,0.14996490630115417
130,0.16481313693474936
131,0.15576979725168658
132,0.10862730200126881
133,0.10327097943673065
134,0.10899531640096508
135,0.23259656372501225
136,0.2358116888122142
137,0.23646329991589687
138,0.16049005253532966
139,0.1588940915844682
140,0.16219335169609758
141,0.23103412973566612
142,0.23489973728593258
143,0.23717392094520667
144,0.1450572511518773
145,0.14620444444680095
146,0.1313070979756245
147,0.13039383431678947
148,0.14836828339172342
149,0.14279632085823243
150,0.13444632247834293
151,0.12912798525368083
152,0.11316082453948531
153,0.2642444986227366
154,0.26311679707724467
155,0.27144349757396674
156,0.25941100016680346
157,0.24619654755454323
158,0.2609359980063084
159,0.26785312101380543
160,0.2554011437865722
161,0.26890553345130935
162,0.1408320556083187
163,0.14717706396841057
164,0.13813178011405136
165,0.18347209877580978
166,0.19601398031913408
167,0.17252322411404958
168,0.01905224357987982
169,0.020588613452246798
170,0.018201351578012066
171,0.10589021295177847
172,0.10488086935778183
173,0.10218709349447525
174,0.11098059863034558
175,0.10697352241992461
176,0.10813633403685281
177,0.08234991657284071
178,0.08322715899347342
179,0.0817916099799407
180,0.14275126090678622
181,0.14273865202469677
182,0.14094036239744825
183,0.13937156460765787
184,0.13805265900211963
185,0.13807633369194597
186,0.14168100718554077
187,0.14277110407137475
188,0.14160195946633672
189,0.19956588224323837
190,0.20693199494789413
191,0.19656179101996196
192,0.12319435104925236
193,0.12454119600466262
194,0.12259132726741477
195,0.10401662502697588
196,0.10288773046581184
197,0.10164212514179649
198,0.17309688556803912
199,0.16936782579344503
200,0.1686681589170607
201,0.17386699988047524
202,0.169216054762097
203,0.16855113086151546
204,0.12170384164188207
205,0.12055565222672408
206,0.12537737415974098
207,0.08883191227280851
208,0.08816523314259181
209,0.08897021161431834
210,0.08691250786477146
211,0.08644421706730977
212,0.08606846394362384
213,0.07978532920823657
214,0.03604628092915364
215,0.2758575069981456
216,0.27999357350708554
217,0.2785100171834072
218,0.276328385232726
219,0.28128922992651945
220,0.27512569530444775
221,0.28602715177028437
222,0.2671919029253246
223,0.2768970147109189
224,-0.14971902733804185
225,-0.1491556175441595
226,-0.16146125814362391
227,-0.1631744491368538
228,-0.1509910751298117
229,-0.15241853412277911
230,-0.15387012398693728
231,-0.1586027922184052
232,-0.15524142876023744
233,0.29890782773518043
234,0.2905981461438492
235,0.27324656240025574
236,0.04100035385742347
237,0.0399753074465438
238,0.04007724094178386
239,0.2883082019990582
240,0.28885916718463656
241,0.29979311630046507
242,0.16260783183399208
243,0.1585315818413548
244,0.15598583974373956
245,0.143055686142207
246,0.14432591411248324
247,0.15167514944392274
248,0.11703380282172932
249,0.11495935575976148
250,0.1212524115425361
251,0.26753807520231676
252,0.26564278837881544
253,0.2742829871254139
254,0.2335262846915806
255,0.23931045390248937
256,0.23182936066219298
257,0.2790113941764488
258,0.2690614871953078
259,0.27428244344726266
260,0.22996323898212748
261,0.2313359152581359
262,0.23747329545780924
263,0.11172563697733212
264,0.11286654035807471
265,0.11440089171478414
266,0.13018119153033422
267,0.13219717685307175
268,0.13091604043185673
269,0.36208449928435443
270,0.3682722776973618
271,0.35483762477690695
272,0.3920314684272505
273,0.3886546923361678
274,0.3919074173173898
275,0.08231105166101141
276,0.0819179261256956
277,0.08226318206656094
278,0.18389788972960175
279,0.1718056842073646
280,0.18817489374454674
281,0.17021844432363573
282,0.17700845536845422
283,0.173100695505499
284,0.1921411722164056
285,0.1587665568440457
286,0.19009316979899504
287,0.15775974300905973
288,0.1595209517382261
289,0.16287426501356997
290,0.1590311682080748
291,0.1625326503928703
292,0.1556326809221412
293,0.14759328824420367
294,0.14289842167564437
295,0.14581092778319427
296,0.3464750289768775
297,0.3450687261643029
298,0.34743139927172356
299,0.20772163070526156
300,0.2119612282734227
301,0.2001369289052629
302,0.3382205975383679
303,0.3371137854800755
304,0.3376844390981057
305,0.3372977436946816
306,0.3435163769976882
307,0.33400298875416723
308,0.33152841586434034
309,0.33302513872830625
310,0.33157633475546533
311,0.16372758893800649
312,0.1558962867163029
313,0.1635057218731203
314,0.15737115565969403
315,0.15768317799259648
316,0.15752880835398736
317,0.15995828078652713
318,0.16227018030053972
319,0.15777969782159104
320,0.15692066972935326
321,0.16367232920866184
322,0.163819074524334
323,0.16011552617274535
324,0.1543031879683315
325,0.15467744612134382
326,0.1532869591932357
327,0.1598093421366824
328,0.1609377158772398
329,0.04501257310575551
330,0.04453883339155787
331,0.04297307589137894
332,0.38276499185411667
333,0.37393886803682547
334,0.3767124841134923
335,0.4022975537215443
336,0.3993663981207602
337,0.4007862614691536
338,0.37891220600749753
339,0.3816496182608161
340,0.38345318252016203
341,0.42633551099053285
342,0.42515411080918714
343,0.4305587417401193
344,0.43575515125080583
345,0.43329829645035467
346,0.4393822151505991
347,0.16718485787255985
348,0.17123228583836186
349,0.17096224293727183
350,0.3089969106989491
351,0.32411136508368393
352,0.2974476614145929
353,0.29510982683025844
354,0.296895208142312
355,0.2990482112440616
356,0.29913571995852695
357,0.3268879049655292
358,0.3054886812167591
359,0.077382970656993
360,0.06798830697147913
361,0.07785111180767028
362,0.3543241892279613
363,0.35295786960903164
364,0.35348004350546997
365,0.8211640031066499
366,0.8228333210982404
367,0.8217543309948289
368,0.36351201244131565
369,0.351666001150981
370,0.35478729633364287
371,0.35046264570882457
372,0.34116798578294416
373,0.3482281532990741
374,0.03362168062914186
375,0.03354744534475435
376,0.030932787745017454
377,0.34874624151303374
378,0.34438637461937577
379,0.34534845704712475
380,0.3482168765535158
381,0.3462268130695838
382,0.3568168167707295
383,0.3433036220503332
384,0.35250413738569036
385,0.3445390996635726
386,0.3267795775069918
387,0.3290260864578712
388,0.32620421364228774
389,0.3378164223024141
390,0.35988799821139367
391,0.34713759180110504
392,0.3550399162213876
393,0.3581092185630049
394,0.3616616266680531
395,0.3361405073017986
396,0.3358212101481059
397,0.3422806502817015
398,0.15910193632072486
399,0.17191630923991455
400,0.15631175321190854
401,0.08614327588023134
402,0.08606890145659883
403,0.08647876701812326
404,0.12417885950083322
405,0.14186866875841203
406,0.128924923377473
407,0.31714912099651227
408,0.30753405818799795
409,0.3223202449790523
410,0.221322856463682
411,0.22218999471176865
412,0.22635056916323337
413,0.21478408502571394
414,0.22561813288415788
415,0.2130914429735393
416,0.38738015530735925
417,0.38333700027509954
418,0.382876038120609
419,0.4011948276335367
420,0.39598930994328135
421,0.3856417095696526
422,0.38694436987007114
423,0.37485639526383496
424,0.38375909161231214
425,-0.44278182079217865
426,-0.4374294774723528
427,-0.43469382283684993
428,-0.418145644174307
429,-0.419074001362617
430,-0.42707214746777195
431,-0.43753276954154563
432,-0.4376291248037796
433,-0.43707318421182617
434,0.1849952609568578
435,0.1842786860944247
436,0.18300860201501642
437,0.1895615281358203
438,0.18291051563260383
439,0.18079395538855947
440,0.04091224618475582
441,0.04172323013111651
442,0.04034382235283621
443,0.23410449271953165
444,0.23133232085681324
445,0.24412344144071543
446,0.2121288266802608
447,0.20163181891334625
448,0.2268113239462507
449,0.2252967262583404
450,0.2129380724045113
451,0.22350359391296884
452,0.2257155430300343
453,0.22565028689158215
454,0.22534183217589235
455,0.21218706488959505
456,0.21246914437058823
457,0.21667565035227276
458,0.22714345271418188
459,0.2314006122727696
460,0.23177244435193908
461,0.3598437461027984
462,0.3582801907519454
463,0.33263766276017165
464,0.35506064460335757
465,0.3342120989075856
466,0.35116905829555684
467,0.33739489945560547
468,0.3313642762597297
469,0.33391011275312255
470,0.36530256057688426
471,0.3613761239034718
472,0.368422552865333
473,0.19215553418543965
474,0.19403261820095838
475,0.19247144533009164
476,0.3668893793719
477,0.3719165509315912
478,0.36776024884490893
479,0.142061466242216
480,0.15415606126070666
481,0.15842618117629706
482,0.13916165230749905
483,0.1574782970183571
484,0.14565388995324152
485,0.105016323053272
486,0.11406379161253552
487,0.09550687746024758
488,0.1896222789488249
489,0.20076441124669303
490,0.1915448700983163
491,0.023401621091684668
492,-0.0031742684274175506
493,-0.01771871732706715
494,0.1358453373145349
495,0.13806387339874682
496,0.14256025031131908
497,0.2000196225136184
498,0.19221514398912562
499,0.1912365428381887
500,0.19514305690886835
501,0.19722616708554674
502,0.1914550987906621
503,0.010313784672136273
504,0.010435538924542144
505,0.009902164419045522
506,0.271437681834759
507,0.2771034132096778
508,0.28701642470319433
509,0.2789791072259025
510,0.298599586742754
511,0.29042162023741175
512,0.06120832450446798
513,0.0623108662559299
514,0.06097977437591456
515,0.44698632100888736
516,0.45479557201074294
517,0.4480579946106997
518,0.18191978052332083
519,0.18534157005426097
520,0.1838665469037538
521,0.45705035110839676
522,0.4674765696425178
523,0.4589371599135591
524,0.11006117356163526
525,0.0982921603993212
526,0.11750410000180825
527,0.13637052981568834
528,0.15730983956573816
529,0.15015738036084159
530,0.09640751674104099
531,0.11293234658176997
532,0.10659940531905254
533,0.39644875900072596
534,0.400192832823192
535,0.38379190264383867
536,0.38713249965816077
537,0.39360799287062187
538,0.390845425806361
539,0.07672782291187548
540,0.07491089894460713
541,0.07454472771863113
542,0.20664873681049598
543,0.20390215260819675
544,0.212649764557573
545,0.21971609156656968
546,0.2242166219133726
547,0.2122395149434648
548,0.3119352353927993
549,0.3119888144521611
550,0.30484626909890356
551,0.15694838526040497
552,0.15253275749099834
553,0.151121450126204
554,-0.08843108517153034
555,-0.07126423103576228
556,-0.10142564874554803
557,-0.006532978705649796
558,-0.013379550912017337
559,-0.008273376430747114
560,0.18074858557682846
561,0.1761671937782197
562,0.1801902489952497
563,0.1108542731461664
564,0.11019507326028338
565,0.1113422024528221
566,0.18865633791254424
567,0.17883301793632372
568,0.18210341974034933
569,0.13318497003635638
570,0.13194166589505638
571,0.13088592056734363
572,0.006485841246295645
573,0.005320437047805103
574,0.005123817503971762
575,0.0899776488794071
576,0.09038983647939851
577,0.08981006739687765
578,0.2026627995513128
579,0.203953872418276
580,0.2008900165023069
581,0.28526600245546396
582,0.2867107604268476
583,0.28663880478156506
584,0.26660019465583
585,0.25943086563344947
586,0.26703547477293954
587,0.16662878386972155
588,0.1648438695538887
589,0.1702106013370103
590,0.15298522400908451
591,0.16365249163788106
592,0.1650104562633636
593,0.14042212313993527
594,0.12677295305012024
595,0.15531920155165949
596,0.1881598819148296
597,0.18799414423807861
598,0.1920142664032702
599,0.19124323805404347
600,0.19091925636552992
601,0.1936413747429614
602,0.18803365511710796
603,0.19680581889910573
604,0.18682450803115835
605,0.09747021506234727
606,0.014411059993913126
607,0.09834704798782502
608,0.16975439566482597
609,0.16498215465310118
610,0.16150974295769263
611,0.1626712554467054
612,0.16290424696565253
613,0.16482263988496054
614,0.15029565974697015
615,0.1466194264350212
616,0.15906878981101372
617,0.11869158039194132
618,0.11476870096837659
619,0.11688830091944884
620,0.08334693273969408
621,0.07656352719688579
622,0.08996239554993184
623,0.09096513356151179
624,0.095322664190173
625,0.09159079072594094
626,0.2622294205000246
627,0.2680674121936619
628,0.2840510490182232
629,0.3705757197971212
630,0.38006471014782806
631,0.3703475732628478
632,0.33298549215020234
633,0.3430532641471804
634,0.35010942018762325
635,0.3439676126581347
636,0.3592136898012547
637,0.33973755977407716
638,0.28495029956887535
639,0.2788932441176197
640,0.3275896857350305
641,0.3573324768925766
642,0.361951032306775
643,0.36067755245693656
644,0.18050956411878805
645,0.1869963723410503
646,0.1878463597116003
647,0.14359280266168112
648,0.14402868785052014
649,0.14498940063458388
650,0.1868713830450737
651,0.17482170321841725
652,0.183247026966235
653,0.2774718244192911
654,0.2682021641486125
655,0.2734415633563783
656,0.2633157986616681
657,0.2916310002969184
658,0.2765607578074787
659,0.2806919418987522
660,0.2950766355243541
661,0.30811290363797156
662,0.05393194094753105
663,0.025325187012087975
664,0.005678237595483844
665,0.17854826779965186
666,0.18864567676966568
667,0.19224366887576327
668,0.18064231664508743
669,0.1739417347395632
670,0.17623416094424324
671,0.14531108262172324
672,0.1471173834116597
673,0.14621391990207605
674,0.13983810902741595
675,0.14518221604432882
676,0.1381957369623046
677,0.19147045498043735
678,0.17779392623510598
679,0.1878617714175421
680,0.1445696150078818
681,0.14997167840537934
682,0.14884503155093975
683,0.16809557803041347
684,0.16354277061864492
685,0.16557854273367992
686,0.07816933147388298
687,0.07752308300084389
688,0.07754161607697983
689,0.11895621433276725
690,0.12408830750634262
691,0.12356083711481881
692,0.24582668507801994
693,0.2441798458852512
694,0.2519010572855356
695,0.2460254285945737
696,0.24090274299319156
697,0.2368831108979838
698,0.24896746537421735
699,0.24313453959607995
700,0.23900505831851598
701,0.3714052339636189
702,0.3733215722158687
703,0.36368918973567194
704,0.36016128645026485
705,0.37114108813911506
706,0.36318873630846366
707,0.1589646660207486
708,0.1598115773963388
709,0.1573403962286922
710,0.13994610895082232
711,0.13150967674763
712,0.14054725425326617
713,0.06073950492300039
714,0.059415979032461735
715,0.06006707182562669
716,0.13413738820946822
717,0.14321375230531264
718,0.14442187455951794
719,0.21086468488019444
720,0.2145992330572787
721,0.1904119009324704
722,0.20539201123843143
723,0.20871481402630593
724,0.19917250012076174
725,0.2155558238141075
726,0.20739054403763887
727,0.21124500242869174
728,0.10451391448750226
729,0.08893291194055529
730,0.08736157242496498
731,0.1711159593328346
732,0.17452479541191537
733,0.17721037270506168
734,0.07388971018694118
735,0.07898790128381843
736,0.07840809511587839
737,0.22986794685817674
738,0.22854751032135484
739,0.2342963371077238
740,0.15249038582825938
741,0.15245333473879447
742,0.1523538427008391
743,0.22924823182765194
744,0.23491142456965905
745,0.2206437099524859
746,0.11396380948159902
747,0.1159541242267672
748,0.10670076930768585
749,0.1015824641861589
750,0.08839005515217281
751,0.10937238531456213
752,0.033301184507629526
753,0.0321770224056223
754,0.03367654664542178
755,0.2891789950410474
756,0.26097181126715463
757,0.24286565533697876
758,0.1752351851362758
759,0.1594237867008946
760,0.15165835034779568
761,0.27945645103223354
762,0.2783530032913257
763,0.27280671832732156
764,-0.43037860759084823
765,-0.4296312159241607
766,-0.42326268020173463
767,-0.4324994029201921
768,-0.42603394661332217
769,-0.43046123769629824
770,-0.08521976605734254
771,-0.07561852369686191
772,-0.07911963855495022
773,0.31141657436455306
774,0.28979835942522747
775,0.3045386226585306
776,0.2926586964673933
777,0.284226908658279
778,0.2679065613250487
779,0.34022901706511394
780,0.3591898843302403
781,0.33683769957305193
782,0.07647253462243547
783,0.08739477989761064
784,0.07807760285909936
785,0.042845397718771216
786,0.06234491609190035
787,0.05135267077186338
788,0.1368135245169796
789,0.14267891270104183
790,0.14304804047862588
791,0.1403044358849769
792,0.13730329393809237
793,0.13289422463971634
794,0.15047863511985707
795,0.14297778029272987
796,0.15750558975042644
797,0.07050885868913769
798,0.06598491380092467
799,0.0761420647690583
800,0.24967761745687012
801,0.2575711829998398
802,0.24092822600398817
803,0.35668264482918544
804,0.33789516171674405
805,0.35877844292332406
806,0.24892843140908646
807,0.2657831678606106
808,0.23882801006170187
809,0.19330559252787405
810,0.17623975799683536
811,0.17476905506113563
812,0.19150293845102934
813,0.19201780817930564
814,0.19179681668224954
815,0.0068522232072550605
816,0.006190885589969888
817,0.005368103756495481
818,0.29991288553814455
819,0.292820596253203
820,0.29129574258356344
821,0.5739303559693343
822,0.40587637504813145
823,0.3768596972223985
824,0.21750117527524002
825,0.22111092357089435
826,0.21782758959955698
827,0.5170615282947248
828,0.5009669291865031
829,0.5024036463276492
830,0.5081468873280464
831,0.5080510682527476
832,0.5002674574614419
833,0.23490162234093379
834,0.25910082698060977
835,0.2608739186490339
836,0.12841153152212528
837,0.19492393222771598
838,0.14510530055739887
839,0.23934066929224063
840,0.24390358315595914
841,0.2199066975621646
842,0.18537702628834715
843,0.17944013433156733
844,0.16440988600690407
845,0.16834483808499973
846,0.09041096414111711
847,0.13383023545778086
848,0.21938569833436664
849,0.21904887585012953
850,0.21450823717655904
851,-0.13902057976174584
852,-0.16897587130346223
853,-0.1391052256773509
854,-0.1371041721518067
855,-0.14568789629965342
856,-0.08966687085087366
857,-0.12041171875290753
858,-0.09488952096626559
859,-0.09246409739078351
860,0.03855448731329346
861,0.008874498724990834
862,-0.047445669869271824
863,-0.028850443605375666
864,-0.04668232216601079
865,0.09070082543330375
866,0.09171391747551332
867,0.08994430915777325
868,-0.23885279494953088
869,-0.10500580511906717
870,-0.20191844976838227
871,0.1596333505578113
872,0.018042138465071102
873,0.0361113624506814
874,-5.3404335681829785e-05
875,-0.05615819819789004
876,0.02881384407259473
877,0.13125545368517683
878,0.0935255641436448
879,0.12805940492236922
880,0.0040311515469049685
881,0.021109316791773004
882,0.012515810897235856
883,0.00854549817463437
884,0.028646581058065022
885,0.01630530410725781
886,0.0669140864858506
887,0.04419193549568337
888,0.026281055650849264
889,0.1855091342593737
890,0.18097839829639203
891,0.16881779790572798
892,-0.06730379193544482
893,-0.09871756843501626
894,-0.07444248558393875
895,-0.09614854149338303
896,-0.10697223703377962
897,-0.09051964474884669
898,0.15088057106201172
899,0.15004924650990617
900,0.15461678168644252
901,-0.07686935174364327
902,-0.1206906899090994
903,-0.0693359128714262
904,-0.10871284909745688
905,-0.1155665732098509
906,-0.10960039598867187
907,0.04800484568598647
908,0.06495210673515825
909,0.06446827459647288
910,-1.5708454160653795
911,-1.5882643898737199
912,-1.586803612498179
913,-1.591408406671168
914,-1.5872116322696102
915,-1.6079998347522095
916,-0.35581175850544416
917,-0.3546386370718511
918,-0.3601704335779047
919,0.2983420274376814
920,0.2633170812322033
921,0.2752156847076678
922,0.3067401639937688
923,0.32248622107214026
924,0.312564041245989
925,0.3540831013432331
926,0.3485128910544978
927,0.3548588589416756
928,-0.11291147646841043
929,-0.13085789154517188
930,-0.13849843823085395
931,-0.6408382595785272
932,-0.6351363796873918
933,-0.681951307629005
934,-0.21156265941200045
935,-0.3315133551671633
936,-0.33683225198194267
937,0.4075456081276292
938,0.4537744140021906
939,0.4154978103680846
940,0.42301516466691924
941,0.48880750754847124
942,0.4204516138456247
943,-0.000324196710145195
944,-0.0035071788337522405
945,-0.0029803166328624202
946,0.4188463057680605
947,0.42228209690500706
948,0.4320183053337551
949,0.38491056932164575
950,0.3737959820329554
951,0.48250701991095485
952,0.08782397462460165
953,0.17358904939775832
954,0.15076123755794316
955,0.25010083036592506
956,0.26547459951109603
957,0.2530677570073651
958,-0.02336272537145505
959,-0.1111760302671251
960,-0.04164136089636289
961,0.16251076362810007
962,0.12162214325265654
963,0.1392332182693061
964,0.4673323992038264
965,0.21556658626246467
966,0.37090023686690093
967,0.07265909215244569
968,0.06036698436834945
969,0.0731039645072425
970,-0.3902297669496773
971,-0.4021862514368623
972,-0.4173789980610458
973,0.1612390905437342
974,0.17595126909191106
975,0.1678912069474444
976,-0.4138265204402769
977,-0.4569700401661236
978,-0.3926387745264897
979,0.12026163389126299
980,0.1480753404467936
981,-0.023688517629959032
982,0.0801324223943555
983,0.0804367176127889
984,0.0786115393637642
985,0.32046673080737575
986,0.3149848433377113
987,0.32708252101292423
988,0.2189684352809193
989,0.22525751861809862
990,0.18988614711566756
991,0.2027141941555915
992,0.26839523442141305
993,0.19860657102931178
994,0.2671939105955374
995,0.2600213151709851
996,0.2574495507613968
997,0.18466449116891873
998,0.19161140591124215
999,0.11194394556420761
1003,-0.030255500977448724
1004,0.012766301698070349
1005,0.0026415238185437777
1006,0.04625854464513975
1007,-0.08263619683482797
1008,-0.10187039773730605
1009,0.04949717721506806
1010,0.049861066349960105
1011,0.050435215504826075
1012,-0.270055484962313
1013,-0.3626891935488589
1014,-0.28541333221144805
1015,-0.6445045210465212
1016,-0.5856542288351403
1017,-0.5412390528820239
1018,-0.5127804131982655
1019,-0.5893645186671947
1020,-0.6892624819460426
1021,0.008362042820911547
1022,0.007749966353738086
1023,0.008357787013803634
1024,0.12577943333051844
1025,0.22550739342032436
1026,-0.12253374688977915
1027,0.15915826253206086
1028,0.2852466436478512
1029,0.7550867835721945
1030,-0.23468821154545894
1031,-0.45080918071894677
1032,-0.45323041024392
1033,-0.9424186869500765
1034,-0.9364830555318074
1035,-0.8489174878819241
1036,0.16004239185951505
1037,0.15058815816964613
1038,0.15528572529102
1039,-0.8239122988051855
1040,-0.6646644307123302
1041,-0.9182588941742756
1042,-0.49943930964628475
1043,-0.6212828493340805
1044,-0.5606159644284038
1045,0.16421467356609323
1046,0.16128515126171122
1047,0.16158662409877647
1048,-0.5347341017564783
1049,-0.39590217690190355
1050,-0.7020969418547512
1051,-0.7086348170415914
1052,-1.0691454553430977
1053,-1.0935658453045165
1054,0.03673344759617282
1055,0.03506103197172191
1056,0.03829109980427699
1057,-1.2594882977892317
1058,-1.0653374498886212
1059,-0.9701517374575535
1060,0.14233363631627352
1061,-0.24190807971487654
1062,-0.3205923547745174
1063,-0.6733491142007827
1064,-0.816559036954427
1065,-0.652745722612915
1066,0.36814194395370514
1067,0.35864020324715107
1068,0.3573441516556916
1069,-1.2192795930749516
1070,-1.3246380096458883
1071,-1.3074155959237417
1072,-0.07057795643370147
1073,-0.07538263070982601
1074,-0.07771258956624714
1075,-0.23350967325479477
1076,-0.22725705039463182
1077,-0.21481255034678062
1078,-1.278357834979998
1079,-1.534747170863371
1080,-1.329325612309002
1081,-1.4052654899384507
1082,-1.406910592667597
1083,-1.4305902531719776
1084,-1.319314762797231
1085,-1.37684634203622
1086,-1.217068533021126
1087,-0.36105215643893335
1088,0.19967621239705974
1089,0.11717737505391868
1090,-0.1350434915480637
1091,-0.1101922972124935
1092,-0.05372612414838082
1093,0.6966987865899437
1094,0.049874902413251015
1095,-0.2692758838884817
1096,0.6714609401488663
1097,0.7560781545159109
1098,0.6337012609072692
1099,0.08771478224192848
1100,0.08754987914614897
1101,0.08490706760733797
1102,0.7528911171944723
1103,0.9041802268878512
1104,0.8709723411638364
1105,-1.2703565984778085
1106,-1.3834567938230466
1107,-1.1640171753446544
1111,-0.12274043027182129
1112,-0.10517858573372672
1113,0.016439699453300018
1114,-1.4710656328448768
1115,-1.1785745910283962
1116,-1.26391770784563
1117,-1.3852034781611484
1118,-1.1758267307582106
1119,-0.9470584140000952
1120,0.12615506116363914
1121,0.12580445154493616
1122,0.12874739381922615
1123,-1.6063937806654065
1124,-1.6859078408365622
1125,-1.2631431265787783
1126,0.2760111140085722
1127,0.27689394190706756
1128,0.3034042598444756
1132,-2.388401714580202
1133,-2.221792522191183
1134,-2.3181246558198274
1135,-1.5399423112050814
1136,-1.5493279962334807
1137,-1.5361834372434606
1138,-2.308136324865934
1139,-2.2382323812123133
1140,-2.3453733614430723
1141,0.4258389789583367
1142,0.6101592268628498
1147,-0.04438558367632065
1148,-0.07956781183791248
1149,-0.07791529315639388
1156,0.7594226511987993
1157,0.6595354216691628
1158,0.7320861854108235
1162,-0.00010346831029983856
1163,-0.001650401254322414
1164,-0.00038473356721876464
1174,-0.12555550295195514
1175,-0.03941483122415552
1176,-0.03298427656696389
1180,0.04289793275108435
1181,0.04239188281634667
1182,0.042265501722790026
1183,0.009999656316141553
1184,0.008460157795900602
1185,0.009379370201983823
1189,-0.36527128827830574
1190,-0.3735974497926365
1191,-0.3810080730071052
1192,-0.8460612022461672
1193,-0.9365528685017679
1194,-0.8584580898851348
1198,0.09976789016423769
1199,0.10520197857824296
1200,0.10145796163078777
1201,-0.8480140516911749
1202,-0.7131156165683029
1203,-0.9020311052965091
1210,-0.6888711934426279
1211,-0.6699430958640249
1212,-0.7667608314172929
1225,0.1978857985553147
1226,0.19730857142096178
1227,0.1996201701056183
1249,0.15399542322078297
1250,0.177519660557776
1251,0.17960291279492152
1252,0.2517281313834828
1253,-0.0846757655113143
1254,-0.20807080932083505
1264,1.2688916648694224
1265,1.2894901781129873
1266,1.3281777539147073
1384,0.9256015565713331
1385,0.9146476323895333
1386,0.9214239424575811
1387,1.077952608568649
1388,1.086959662583323
1389,1.0909101549478168
1390,1.0770813601714782
1391,1.0732437634866419
1392,1.0750930082214887
1393,0.9218462552238309
1394,0.9100416556362156
1395,0.9238174383209669
1396,1.0932795325766869
1397,1.0746947327311707
1398,1.082309052176192
1399,1.0550891650201721
1400,1.0418861885218849
1401,1.0318785021674155
1402,0.8480572416968305
1403,0.8497286804043327
1404,0.8533431483000607
1405,1.0232391032717225
1406,1.025777150393703
1407,1.0408548721388964
1408,1.030502351085947
1409,1.0247171833078912
1410,1.027087342374993
1411,1.3164524059540135
1412,1.2871321948583492
1413,1.3770392900835264
1414,1.272634295381451
1415,1.2667689952320318
1416,1.2703404008983958
1417,1.294855278347059
1418,1.300442543085421
1419,1.3067473170530381
1420,0.026435247343009165
1421,0.029930453197768984
1422,0.02693643829134615
1423,0.02793505318772319
1424,0.02915477011625402
1425,0.027929025056288574
1426,1.1012682382863246
1427,1.0967829791467065
1428,1.103821652678717
1429,0.795936816975857
1430,0.785968122535661
1431,0.7865855626810976
1432,0.8946008611392442
1433,0.8892677684518063
1434,0.8967748428683088
1435,0.7791275911215049
1436,0.7861765851517853
1437,0.7782871389744649
1438,1.815543678354291
1439,1.8143920951497194
1440,1.8232745633158154
1441,1.8466728062356659
1442,1.8497701531882411
1443,1.8676141617831004
1444,1.5495535625368668
1445,1.548474029001999
1446,1.5451236194920968
1447,1.334433456905749
1448,1.3316148027735775
1449,1.3315430949684355
1450,1.2865476246569874
1451,1.2478579279897275
1452,1.236418406847522
1453,1.304666976284752
1454,1.3062962764614545
1455,1.2566416594780874
1456,0.8331324651029278
1457,0.8274497833462596
1458,0.842948618977326
1459,0.8263303767421502
1460,0.8260241832404943
1461,0.8277262612529499
1462,0.6335312161182767
1463,0.6333115321282559
1464,0.6413969466972008
1465,1.455858812870973
1466,1.5089963578429835
1467,1.4070364701391231
1468,0.7712105603202579
1469,0.7691067332149736
1470,0.8322592522849329
1471,1.4551716485473996
1472,1.4555919010293683
1473,1.483452927267384
1474,3.49827285026862
1475,3.498728916439409
1476,3.5186649344807193
1477,3.551572587843917
1478,3.5441814442430566
1479,3.5495264054004956
1480,3.6389429072525985
1481,3.630226713671629
1482,3.6332259743160273
1483,4.4137785944748
1484,4.422160321113554
1485,4.413373066583061
1486,4.374462197638785
1487,4.380917304656637
1488,4.381149761050899
1489,4.423378392256768
1490,4.406692945278523
1491,4.4128608466394486
1492,4.034736130634399
1493,4.039132018737214
1494,4.038107941890993
1495,3.8599701021006996
1496,3.8704278882355108
1497,3.85276893850376
1498,3.9971357686723863
1499,3.976562195627631
1500,3.9981852983979627
1501,3.724196567000294
1502,3.724029001446165
1503,3.7196005031829884
1504,3.7252457952838527
1505,3.723898248474202
1506,3.7230933153555354
1507,3.7120956781018535
1508,3.7169933755649307
1509,3.715095046576636
1510,0.3881154767596764
1511,0.36442441347857935
1512,0.3950456867779669
1513,0.32518546377258656
1514,0.32931548618704554
1515,0.360465757681624
1516,0.3940789869074815
1517,0.3756052380206419
1518,0.36953662281879285
1522,1.8254798143139828
1523,1.8277182015473588
1524,1.826736281275837
1525,0.036598764273005284
1526,0.03243463912461765
1527,0.031081641467617705
1528,0.11869920282892339
1529,0.11863483375696979
1530,0.11910628358397578
1531,0.031168308506429106
1532,0.031758138155641165
1533,0.03171563954203655
1534,0.020203398731159818
1535,0.020855303473385507
1536,0.02068133249667648
1537,0.11910691852590981
1538,0.12252847379570998
1539,0.11757362923803216
1540,0.06580723530834941
1541,0.06265467154323409
1542,0.05941845034806997
1543,-0.5413683743993619
1544,-0.22192878638117472
1545,-0.2289039061072903
1546,0.012578204041638659
1547,-0.040685190119014426
1548,0.0039007778312962005
1549,-0.1426450105979092
1550,-0.09701290200434148
1551,0.23191765962248753
1552,0.20818601344863924
1553,0.204675531842494
1554,0.20178556926769878
1555,0.10504336866182883
1556,0.11149448493071391
1557,0.10609350329676623
1558,-0.10871413224819074
1559,-0.10366934243452823
1560,-0.10510711613086662
1561,0.03031286499005863
1562,0.03018934323191401
1563,0.028536756052747216
1564,0.08736768967383719
1565,0.08670637324983188
1566,0.08416061947267627
1567,0.05550793773259256
1568,0.06066770452806738
1569,0.05527898329657019
1570,0.15689397242532083
1571,0.1457556994418089
1572,0.15351233176961943
1573,0.05659199608485207
1574,0.055421550246318826
1575,0.056553694235634104
1576,0.08592122995694079
1577,0.08727811193450095
1578,0.08014342528107296
1579,0.06281813357080934
1580,0.05011575533311274
1581,0.049253224766657736
1582,0.051581620089123655
1583,0.052815141752559594
1584,0.05214188318974199
1585,0.14760089923533884
1586,0.15623140644009256
1587,0.15032089264611775
1588,0.11830424176451411
1589,0.11673789842278087
1590,0.11493852790790711
1591,0.18783806100232617
1592,0.17897037888972503
1593,0.20294018226327223
1594,-0.2682435525112136
1595,-0.6337320025260531
1596,-0.46072536670352554
1600,-0.022362329487354782
1601,-0.54821512880409
1602,0.4463813974989247
1603,0.01707413928720313
1604,0.014829755432466733
1605,0.015264007830585354
1606,0.014167327668147689
1607,0.014178375645163306
1608,0.013523278265944254
1609,0.016937250630206974
1610,0.017390974017189396
1611,0.016699995084945404
1612,0.020139843899090244
1613,0.019143701792253637
1614,0.03175490462895833
1615,-6.556295995509947e-05
1616,0.007383439892943517
1617,0.011014848303029057
1618,0.014890360112153141
1619,0.021570251531225857
1620,0.01908873430433937
1621,0.45469858714310535
1622,0.45837228998440316
1623,0.4540226092311959
1624,0.45685318528344937
1625,0.46285727728749043
1626,0.45854368365732107
1627,0.46310232841519033
1628,0.45403653904733166
1629,0.45896111612522134
1630,0.24489060537014534
1631,0.24724163876726638
1632,0.24304236419389014
1633,0.2519926050883781
1634,0.2527796815162648
1635,0.25462518516165594
1636,0.2653994538202958
1637,0.27863182132484443
1638,0.277252311767209
1639,0.5339271729401913
1640,0.5198214850180117
1641,0.5357040692783084
1642,0.5340199854240961
1643,0.5218835294719251
1644,0.5123564338999255
1645,0.6612695125506032
1646,0.6418499208871122
1647,0.6265943793139918
1648,0.6407225651811914
1649,0.6729913238285561
1650,0.6813495749342681
1651,0.6652357102302567
1652,0.6491870896042486
1653,0.6596869265013657
1654,0.7787814279007784
1655,0.8028956381121592
1656,0.7645839055963077
1657,0.4659266570203268
1658,0.4643656469389097
1659,0.45859040858646594
1660,0.47962102395349987
1661,0.4591384345127515
1662,0.4432744514728862
1663,0.5687750359482872
1664,0.5433246105429936
1665,0.5654019875248676
1666,0.32358311202732654
1667,0.33739489945560547
1668,0.3316973197376461
1669,0.3543179996345247
1670,0.3463183835823575
1671,0.3575416012874992
1672,0.42642750349453173
1673,0.3549668619658653
1674,0.38933674317191946
1678,-0.7401167363209064
1679,-0.8898591948242696
1680,-0.6555899504523546
1681,-0.7548042667816628
1682,-0.7455493943710448
1683,-0.48628307249047237
1684,-1.0488037495329712
1685,-0.8258737655231122
1686,-1.29034599344118
1687,-0.08464991593089755
1688,-1.2328059675593375
1689,-0.5632397154541879
1690,-0.3750643450590475
1691,-0.29357264171795333
1692,-0.2978123718916331
1696,4.61512051684126
1697,4.61512051684126
1698,4.61512051684126
1699,4.61512051684126
1705,-0.6044609200545354
1706,-0.5413848852775683
1707,-0.5101903225939189
1708,0.6020892500633012
1709,0.46876033825471153
1710,0.507208239533219
1711,0.5224672388490424
1712,0.5758284020058381
1713,0.5260432326589719
1714,-0.7930924262629522
1715,-0.5933922778404883
1716,-0.7900803450424229
1717,-0.3463317052971322
1718,-0.36396243535427786
1719,-0.4677366214646486
1720,0.3686442128754104
1721,0.25738725458322875
1722,0.2437199261445327
1723,0.13027935607323368
1724,0.1651537714056218
1725,0.10888199693809779
1726,0.3040198043145615
1727,0.2747335946514439
1728,0.2793177977520275
1729,0.2144557135863845
1730,0.0725380313403035
1731,0.069814061063773
1741,0.13241920735529347
1742,0.11420842891879023
1743,0.14517190600069663
1744,0.12536181004251848
1745,0.06504080252396492
1746,0.12632527689883466
1747,0.07267815900304153
1748,0.08240700353496255
1749,0.12326095654848836
1750,-4.61512051684126
1751,-4.61512051684126
1752,-4.61512051684126
1753,-4.61512051684126
1754,-4.61512051684126
1755,-4.61512051684126
1756,-4.61512051684126
1757,-4.61512051684126
1758,-4.61512051684126
1759,-4.61512051684126
1760,-3.1322600889571195
1761,-2.7296535539624402
1762,-3.1771198962230573
1763,-3.2107828718906952
1764,-3.2024173575879753
1765,0.24950226310223655
1766,0.24067636539176365
1767,0.2229737828760436
1768,0.24470582289685303
1769,0.1809097584701253
1770,0.22455361322803422
1771,0.236990340486229
1772,0.26645463298523003
1773,0.2421229498119437
1774,0.2927768325225479
1775,0.1985580925972199
1776,0.2602505237947545
1777,0.2296498585444301
1778,0.26473587893453254
1779,0.26822367901784944
1780,0.27926640641264694
1781,0.20388368059917175
1782,0.26493382689901335
1783,0.14884318253595624
1784,0.09979960934034879
1785,0.09097906549487471
1786,0.033375899259884566
1787,0.09033581733526208
1788,0.060406711543661604
1789,0.07603424081542066
1790,0.048467634004036295
1791,0.08087814409830939
1792,0.100311076979923
1793,0.08289079446330944
1794,0.04564190304510308
1795,0.060606670138760324
1796,0.028751529127979847
1797,0.056877636548801874
1798,0.06084517675194267
1799,0.046691651444369556
1800,0.07196467809875294
1801,0.07770707474864917
1802,-0.0026702959488616364
1803,0.0021579806292275866
1804,0.0798945103760024
1805,0.1733601381463721
1806,0.10980357443955083
1807,0.11200384417782841
1808,0.18988220341048162
1809,0.05804548045879188
1810,0.15670014085456513
1811,0.1544531531946596
1812,0.12549136341795417
1813,0.17096666386950174
1814,0.07258925116482583
1815,0.15089799830302464
1816,0.1337451418370189
1817,0.12443825610200254
1818,0.18187267282188868
1819,0.12979597528736633
1820,0.08323944414051143
1821,0.0866584949734538
1822,0.09372552209018063
1823,0.07259435083058709
1824,0.13421619427674225
1825,0.07630201167762998
1826,0.1149013342363104
1827,0.11865791393358709
1828,0.0632779231457157
1829,0.12493075601198418
1830,0.08524735240315402
1831,0.07302839227749666
1832,0.10744493346941825
1833,0.08016411038036438
1834,0.244276398427324
1835,0.200872268890701
1836,0.21893970493797857
1837,0.17899848671573304
1838,0.20650853215607293
1839,0.18010403235747593
1840,0.2115304351434379
1841,0.12738878417018737
1842,0.23779494794599643
1843,0.1773721168262152
1844,0.22337603008726542
1845,0.2425607825320395
1846,-3.8537591578210746
1847,-3.8893875982920636
1848,-3.392428480479404
1849,-3.581361381498161
1850,-3.417690580135165
1851,-3.891493801124643
1852,-3.4465372352572565
1853,-3.4399087022479464
1854,-3.861231235514284
1855,-3.8708595297539836
1856,-3.4562774177620232
1857,-3.444677735364463
1858,0.12599658738766978
1859,0.14598256953698666
1860,0.1961337170826082
1861,0.15347470503500207
1862,0.15010116042515553
1863,0.1266855763567474
1864,0.1371613353858021
1865,0.10954654998438494
1866,0.18937747798449503
1867,0.15767890158212175
1868,0.19347556075404976
1869,0.14494134565968333
1870,0.16880007601812902
1871,0.12626917195020587
1872,0.1291711489244602
1873,0.14801242360987776
1874,0.13636844956545918
1875,0.1436630196507931
1876,-2.5918737095553
1877,-2.6148569736388034
1878,-2.693186688365683
1879,-2.6765451543227816
1880,-2.624493232017234
1881,-2.6469527132622215
1882,-2.6647282689501615
1883,-2.6883236693527683
1884,-2.644228026923884
1885,-2.652315853938669
1886,-2.655594656245791
1887,-2.669726993598859
1888,-2.6677146839957278
1889,-2.6433627939630484
1890,-2.6553263093666564
1891,0.04178199804691557
1892,0.11244029228994736
1893,0.045547369337102885
1894,0.03273672328839305
1895,0.09209255686842896
1896,0.04226915854301115
1897,0.03673712470214334
1898,0.0835798581767531
1899,0.04131084290991628
1900,0.14135753418790356
1901,0.12834442940462987
1902,0.16425169605564138
1903,0.0026997805789303435
1904,0.12589085417768442
1905,0.18002975663780615
1906,0.12904060454688712
1907,0.13229848569022382
1908,-0.05038647551847496
1909,0.16213861531662377
1910,0.13633786938771525
1911,0.10680126595190034
1912,0.13995046187018542
1913,-0.018214696231669925
1914,0.1469000337633489
1915,0.13537463537810016
1916,0.03980990110555974
1917,-0.004384903493558765
1918,0.15772573746207977
1919,0.1042518748381154
1920,0.05041299943358321
1921,0.12112336390022746
1922,-0.029769393945897418
1923,0.1687487210474248
1924,0.11251486153540934
1925,0.1005540995959152
1926,0.1478479164421351
1927,-0.010395427726858874
1928,0.1585224258535371
1929,0.14488483170443395
1930,0.03884417933691901
1931,0.11767960962667241
1932,0.14928150885945773
1933,0.1072046508342077
1934,0.027146450587699784
1935,0.06037618684884446
1936,0.1136716767542412
1937,0.07890792521050184
1938,0.03567042703022482
1939,0.13328555285334853
1940,0.1280470289508422
1941,0.11077211033934481
1942,0.21340061739458321
1943,0.1444509704241
1944,0.19906328667724027
1945,0.2082729402148295
1946,0.20766971798293318
1947,0.23019887275756887
1948,0.2088421334457466
1949,0.21052362747534414
1950,0.19477167409809346
1951,0.09247605222455224
1952,0.07971598417207507
1953,0.0743694490871262
1954,0.05683101154055803
1955,0.11688745244976996
1956,0.08110570942840532
1957,0.07382637719756306
1958,0.07991520062471093
1959,0.10240706373696144
1960,0.08617564890143324
1961,0.06618844634094566
1962,0.05068477235005903
1963,0.23538709419102877
1964,0.24376364816664955
1965,0.21278332926192042
1966,0.23170417832506815
1967,0.19963403451888193
1968,0.2437522507297088
1969,0.28258159223899726
1970,0.23753985273742345
1971,0.235027347487269
1972,0.23357819365308932
1973,0.1859770165639302
1974,0.22985203237804563
1975,0.20496789568000542
1976,0.2204247479367398
1977,0.26024353986532744
1978,0.27160814165690134
1979,0.17332184752395136
1980,0.1854431814868824
1981,0.06423756180470556
1982,0.05381265821614039
1983,0.15078399813969232
1984,-0.12041953945919978
1985,0.07972985356401142
1986,0.0962271506016205
1987,0.09428219758217671
1988,0.14412302547711117
1989,-0.11461670371891529
1990,0.10764598125234463
1991,0.06430508210385955
1992,0.07685566340244482
1993,0.057781101712987996
1994,0.08184213835295102
1995,0.09120129712579302
1996,0.06875048167997284
1997,0.09922246505747108
1998,0.12366133915101778
1999,0.08821194789490079
2000,0.047042460150753154
2001,0.07685367636960039
2002,0.13340886777132355
2003,0.09360003741087031
2004,0.06389765530255484
2005,0.10787117528514072
2006,0.09769879318954032
2007,0.09448417354121592
2008,0.0743490864461972
2009,0.13204049349269117
2010,0.09080664415678452
2011,0.10035097383039544
2012,0.06149018338921086
2013,0.06284231472527257
2014,0.05431951158916377
2015,0.06182127169877693
2016,0.07248303917113018
2017,0.09594083645890807
2018,0.07951804919031798
2019,0.10010898037252777
2020,0.14885592012538407
2021,0.1819326999692835
2022,0.20167683572303985
2023,0.17929984864671422
2024,0.16190443142158628
2025,0.16669437471867127
2026,0.1916346333478062
2027,0.20817226709880313
2028,0.08380680958984195
2029,0.06851474384561902
2030,0.06641179348100588
2031,0.06233528369011353
2032,-0.07580861251090655
2033,0.04470277546223067
2034,-0.13819407579720908
2035,-0.07090071962706095
2036,0.03639279701463464
2037,-0.1295452956814991
2038,0.03781416437385315
2039,0.07238014247377944
2040,-0.036291406924222086
2041,0.2040363074880678
2042,0.2016236338211275
2043,0.16872515729584486
2044,0.1922143570841684
2045,0.2522918375085061
2046,0.19475774210642377
2047,0.02468921657362467
2048,0.04592408425992427
2049,0.015115129117148452
2050,0.05470354618544388
2051,0.1321654243421662
2052,0.16270590370859705
2053,0.16457189350875182
2054,0.09026502170012106
2055,0.18619138123428655
2056,0.16454357948355933
2057,0.15246561702000727
2058,0.11202430693890784
2059,0.21362247058991918
2060,0.12498546325460551
2061,0.16212787041626994
2062,0.12134343186029788
2063,0.1987773996737426
2064,0.1469146487154538
2065,0.22783129998831797
2066,0.10483449747459203
2067,0.2206720089675291
2068,0.1627121848439062
2069,0.11459735695701517
2070,0.19104689207762388
2071,0.13085559062039884
2072,0.09463058602883584
2073,0.13331914776445297
2074,0.1105294238823311
2075,0.1210331685088551
2076,0.10132956559865196
2077,0.11565535158128912
2078,0.1172159685049965
2079,0.08597636320109768
2080,0.16662918751887132
2081,0.11544082576111582
2082,0.1179366713825652
2083,0.07537290196922466
2084,0.12819196504445154
2085,0.1340514866917524
2086,0.20301997637116195
2087,-0.06514267009620921
2088,0.12333830610180165
2089,0.1361038064461857
2090,0.11948823414982733
2091,0.13747328513137855
2092,0.1407340930939175
2093,-0.18780901497751468
2094,-0.21389760031801616
2095,0.11913295079809795
2096,0.1787997215115093
2097,0.1589008034886914
2098,0.18339569118673268
2099,-0.03235062089261189
2100,0.14968515780205432
2101,0.12528040996963413
2102,0.1504472527092854
2103,0.17529641235791768
2104,0.17569769799765697
2105,0.1476041904568078
2106,0.18670206883250148
2107,0.11607619823242699
2108,0.1452574761427489
2109,0.19219645482910347
2110,0.1749303938774028
2111,0.027018824062650628
2112,0.1393800680310636
2113,0.15592770258674646
2114,0.010489332593276245
2115,0.15565308632859515
2116,0.14690023960922777
2117,0.0029342000091426004
2118,0.15347163757574483
2119,0.1731468146497043
2120,0.08861569942863969
2121,0.025781394845324115
2122,0.09945107475210059
2123,-0.029921429011909566
2124,0.03129771730252556
2125,0.06401797752471597
2126,0.06331104490263995
2127,0.06265153639388789
2128,0.06757457899472617
2129,0.12817078177424251
2130,0.18240047022989014
2131,0.1012065398414063
2132,0.07772825148239025
2133,0.04757821826469246
2134,0.08489107969507535
2135,0.10776950174935807
2136,0.07840655204360607
2137,0.013729071160230344
2138,0.08045453680540174
2139,0.09544641590451432
2140,0.05408667101784438
2141,-0.047596178016434613
2142,0.06871664925907293
2143,0.07986567537920691
2144,0.07103286031866884
2145,0.15588343448483405
2146,0.14392505070266207
2147,0.167749694803269
2148,0.15873461976131648
2149,0.07544276991441472
2150,0.1699587886666062
2151,0.1491796469635637
2152,0.14997311490644036
2153,0.19801489529883307
2154,0.1259297434373692
2155,0.1201971538996463
2156,0.14216157387869213
2157,0.13509431571188174
2158,0.15893924352686364
2159,-0.07896388710179043
2160,-0.00345134506630676
2161,-0.041402117964152774
2162,-0.08324799977875935
2163,-0.027367090027674203
2164,-0.0014163948917571298
2165,-0.07985885170868628
2166,-0.04386408507923203
2167,-0.0050142250572961
2168,0.0450387841022273
2169,0.12803926767021406
2170,0.1370530342715979
2171,0.018795601322452386
2172,0.14223147781458104
2173,0.15639046231736922
2174,0.05217243396938329
2175,0.13802399941713756
2176,0.1399608258876435
2177,0.09220562067371611
2178,0.0784047885295221
2179,-0.11532823439203878
2180,0.02035292358118345
2181,0.0754973784853872
2182,0.03187269064008879
2183,-0.12255146428218441
2184,0.02723369134812331
2185,0.07088206306395914
2186,0.05170841416891568
2187,-0.09191423796721854
2188,0.061279861847608294
2189,0.1522954939997721
2190,0.14687574365214015
2191,0.17009435704124642
2192,0.16252738140068662
2193,0.14299885886683536
2194,0.15033484226828836
2195,0.16721935010107086
2196,0.1550244086456226
2197,0.12020518769910918
2198,0.04338591981872107
2199,0.1235220663339915
2200,0.0557965937342216
2201,0.04197931406951385
2202,0.08886768869981183
2203,0.08683709769076664
2204,-0.034275266536612344
2205,0.007666450837843421
2206,0.0700317095560936
2207,0.07465426126405274
2208,0.03564166861939422
2209,0.04596142915621341
2210,0.05632227479859097
2211,0.0948745592146822
2212,0.05816425938458065
2213,0.06845619032896826
2214,0.07934386042012041
2215,0.058729840431846
2216,0.005327788777934031
2217,0.04639671311642982
2218,0.025181286147678936
2219,0.08013616338942278
2220,0.0513121292779219
2221,-0.1367659068011425
2222,0.010881844397847769
2223,0.10973243463131845
2224,0.04205109726235593
2225,-0.09480798754814437
2226,0.060153283444671427
2227,0.0931220527639486
2228,0.06595679091641657
2229,-0.08983077144117371
2230,0.04985494212967823
2231,0.18644289927362143
2232,0.09658849975640894
2233,0.014286733375741345
2234,0.05212581536814561
2235,0.14777408505263492
2236,0.09170391127384346
2237,0.133759741747334
2238,0.08796132171018249
2239,0.07321609342104134
2240,0.08919245392674505
2241,0.1370141594179584
2242,0.06268423103956035
2243,0.16141723433058858
2244,0.08900620120874894
2245,0.046596989361764915
2246,0.16254359359562162
2247,0.12571257486272144
2248,0.1403181115236916
2249,0.013998772117116776
2250,0.02936616925400953
2251,0.0021094469067267476
2252,0.0568420485746503
2253,0.01187305266277549
2254,0.041633585257394
2255,0.2152090572454651
2256,0.14838883756935048
2257,0.1677888041503878
2258,0.03564580988152668
2259,0.12005887786748294
2260,0.08338904757105234
2261,0.18302488262927247
2262,0.1750314675905478
2263,0.1480002921305496
2264,0.046420384217407976
2265,0.21181732967037967
2266,0.15600623794519006
2267,0.17081794905660933
2268,0.0960441529061228
2269,0.16858819458473587
2270,0.04436118014036112
2271,0.16713866466208618
2272,0.09182985159852486
2273,0.16021709273549517
2274,0.017973996872435217
2275,0.08153783106220147
2276,0.08634887050434992
2277,-0.08800891931913214
2278,0.06674928546375587
2279,0.09574500409165457
2280,0.13099300929757024
2281,0.10020582792021973
2282,0.07111502303687096
2283,0.08646870829485943
2284,0.05544252752826159
2285,0.09644280667000256
2286,0.0980619886912922
2287,0.09933731612037984
2288,0.07661586626172674
2289,-0.1020809653016365
2290,0.12048062341192542
2291,0.11433858461027614
2292,0.03084517558434729
2293,0.08586368686113918
2294,0.10654089669110282
2295,-0.02842158903089356
2296,0.09568304028976118
2297,0.05842044088933981
2298,0.09351210191161087
2299,-0.011018149593409146
2300,0.006053446818133891
2301,0.16022704570365823
2302,0.04635301115017581
2303,0.14473961331862353
2304,-0.05177406907092668
2305,0.09550514384647332
2306,0.10157471015438542
2307,0.04503490947645632
2308,0.11085064532053038
2309,-0.013806203184662058
2310,0.020154097356167192
2311,0.09544294846431953
2312,0.04597304222382926
2313,0.10177866425874267
2314,0.07447479699870128
2315,0.006839199646805251
2316,0.09923261220514575
2317,0.05468277912705406
2318,0.11219353497387514
2319,0.08262280671715169
2320,-0.04506772936093327
2321,-0.3781831508592099
2322,-0.28981477539446865
2323,-0.25309330211308156
2324,0.024303949677313943
2325,0.021316822064470272
2326,0.030992655492788707
2327,-0.23867140043079085
2328,-0.15394228027544535
2329,-0.12772813754891357
2330,0.10534640117833469
2331,0.0497862121964383
2332,0.11106445116131694
2333,0.04022542683862837
2334,0.054136586122651056
2335,0.09490318150047292
2336,0.05220366269057649
2337,0.07708061414988662
2338,0.11776226653337164
2339,0.12143465504929576
2340,0.13653547988226597
2341,0.11090655505406677
2342,0.16043075510427196
2343,0.061931311312028135
2344,0.07559177574294063
2345,0.12634187663599186
2346,0.04756594179309574
2347,0.003256734079153851
2348,0.037943175127835946
2349,0.005786809128466453
2350,0.007841754399119329
2351,0.02946131901250858
2352,0.042443756146257026
2353,0.11629950202138951
2354,0.032151164733176155
2355,-0.033857721433025456
2356,0.03642820065638567
2357,0.18270398653211814
2358,0.11051191915178396
2359,0.1431906121536775
2360,0.15533900100766498
2361,0.16885545587411324
2362,0.1661949686865532
2363,0.1381986439945818
2364,0.10744022260009368
2365,0.18439269846241158
2366,0.11169877149472089
2367,0.1351124368177321
2368,0.17659051075481483
2369,0.047168011570706755
2370,0.14017119222325639
2371,0.11985988751553223
2372,0.034268354957367145
2373,0.1339858045825032
2374,0.10986338777922511
2375,0.04456984535761867
2376,0.12351890560624447
2377,0.12034027271249913
2378,0.08712974480840702
2379,0.16716993104226796
2380,0.18703137445452891
2381,0.1614470571253701
2382,0.0851560518263753
2383,0.16613903744602307
2384,0.19506067009212477
2385,0.17562769465146844
2386,0.0632635998840223
2387,0.15700462912403088
2388,0.19086902488209995
2389,0.16046771487478442
2390,0.030463429868830157
2391,0.10456244872143435
2392,0.07684263722634377
2393,0.045944806295338966
2394,0.08090738969280899
2395,0.07792984917788941
2396,0.038924672671667174
2397,0.07517521114773713
2398,0.07238302549955491
2399,0.12612353655142602
2400,0.11860942377215723
2401,0.1393400390899264
2402,0.07946520118952352
2403,0.165845195611394
2404,0.12256559578680286
2405,0.12524927847440273
2406,0.12158055261995884
2407,0.17931618975336622
2408,0.09019531033130138
2409,0.15139341996730651
2410,0.1293733228712124
2411,0.27247688981972434
2412,0.2254149108630206
2413,0.29006579909344077
2414,0.2544488477556546
2415,0.17833026349554706
2416,0.22510200521560403
2417,0.07766560234599032
2418,0.0014790082669230043
2419,-0.12624962903790996
2420,-0.05875704322586688
2421,-0.043283181453065686
2422,-0.10533824711459605
2423,0.11729717952891815
2424,-0.07174034874771162
2425,-0.1465037018766376
2426,-0.5570421905509397
2427,-0.44224834869954555
2428,-0.4006613751961486
2429,-0.5608971136856729
2430,-0.43918091976030604
2431,-0.39004351033109746
2432,-0.43175700130131306
2433,-0.32711862053208257
2434,-0.2939394787321535
2435,0.02591684594007712
2436,0.11535882650883507
2437,0.08664756353869195
2438,-0.10730873756639163
2439,-0.08059399951782999
2440,-0.00726486384206634
2441,0.026976355625337695
2442,0.00922441570892652
2443,0.030219184155504373
2444,0.016185904609180294
2445,0.10255081461951229
2446,0.03673781415800754
2447,0.0231481894559574
2448,0.10366052985919812
2449,0.08490224935931864
2450,0.04590131229721921
2451,0.0384356503189679
2452,0.03728325459744239
2453,0.11846288026107246
2454,0.11752529845194795
2455,0.09317787647485622
2456,0.06370953895394012
2457,0.12653285885137985
2458,0.14531479373314132
2459,0.12082423037121262
2460,0.1477142344385158
2461,0.14774302899552383
2462,0.008744518625942608
2463,0.15709652805035543
2464,0.1221660401447361
2465,0.19954869698202102
2466,0.17833185930813483
2467,0.1533458636440976
2468,0.11514189969380113
2469,0.1485189357134774
2470,0.14328172340419287
2471,0.07886209581746007
2472,0.010915568693246077
2473,-0.00045336935003442865
2474,0.006343467891714049
2475,0.06325487154582735
2476,0.028877776559909925
2477,-0.013430128359450216
2478,0.05571068218045154
2479,0.12572855402253333
2480,0.0365160146691218
2481,-0.03745482071748202
2482,0.004554137850910688
2483,0.09930579815697305
2484,0.09352491274949304
2485,0.11230157870164229
2486,0.17326831838489062
2487,0.1256099657526666
2488,0.068802786130615
2489,0.06897437003406234
2490,0.08557898579915879
2491,0.08779405709761277
2492,0.06455500168604658
2493,0.09010097439792279
2494,0.1068676867616073
2495,0.09021034225616906
2496,0.1138627535534393
2497,0.12898276563494668
2498,0.07649925902854512
2499,0.09088393265005769
2500,0.11985396583567007
2501,0.022596613927219032
2502,0.09593347177628686
2503,0.0697591412428067
2504,0.09325758820080825
2505,0.13955841585874135
2506,-0.012636355656098072
2507,0.02785227912990033
2508,0.12011004645657736
2509,0.07349724680757357
2510,0.09685709956411682
2511,0.019187205832171945
2512,0.08820889185632136
2513,0.049199206781833184
2514,0.16717618420099564
2515,0.12055290479195638
2516,-0.019253861576676388
2517,0.06383704141356818
2518,0.08026400898556368
2519,0.21592456384858993
2520,0.02551857203622924
2521,0.034196932507832456
2522,0.08982859208827589
2523,0.10794415980742468
2524,0.19465314785793278
2525,0.1877768064941728
2526,0.07840633160451566
2527,0.13334001360067402
2528,0.08983164318100297
2529,-0.04524662437590258
2530,0.08685196159532665
2531,0.061762997345796274
2532,-0.06798897521423346
2533,-0.1825643566385016
2534,-0.01987039197505604
2535,-0.037177590132097
2536,0.08590307032612778
2537,-0.01392024420969233
2538,0.08035663732125384
2539,0.05659740328656886
2540,-1.3625464009030754
2541,-1.273628145540338
2542,-1.611600746306027
2543,-1.3621553209398827
2544,-1.2651684803163283
2545,-1.6061240360350149
2546,-1.3636525741457821
2547,-1.2481735220879653
2548,-1.6072280024405887
2549,0.12313490821827214
2550,0.1473355088548202
2551,0.08066878223557877
2552,0.04403817631146301
2553,0.03871574350626491
2554,0.042702397085532716
2555,0.03950902968755258
2556,0.03661140597063375
2557,0.035061262175916486
2558,0.17440424530277365
2559,0.07843609044220377
2560,0.06467971457278185
2561,0.015309794145392581
2562,0.0823810952406622
2563,0.08523093205089331
2564,0.06400992667555262
2565,0.06075162073128089
2566,0.02302960425415661
2567,0.05569715212919274
2568,0.1259713637803899
2569,0.06258435226006766
2570,0.099971350127827
2571,0.0048576435817034806
2572,0.08477543348561237
2573,0.06714462853716197
2574,0.07642151331837951
2575,0.07050397056496865
2576,0.09706915803159462
2577,0.011215028277046945
2578,0.11926500652072566
2579,0.062483343618143755
2580,0.07773751616238607
2581,0.03768766258102089
2582,0.10147907215190607
2583,0.06522978544569849
2584,0.08004329454986661
2585,0.0232744474351868
2586,0.10647552586003732
2587,0.11311228000263111
2588,0.0641494655534571
2589,0.09369556351117023
2590,0.04419193549568337
2591,0.03135871849853762
2592,0.12652823705021773
2593,0.09787651604138316
2594,-0.014196945374084583
2595,0.03245402694495871
2596,0.03795029089505628
2597,0.01949051204760918
2598,-0.00531308526362784
2599,0.04455639175515987
2600,0.010790570845168915
2601,0.09697784857165476
2602,0.09057278287073584
2603,0.01732794315348519
2604,0.07937601385455044
2605,0.020519243709035344
2606,0.015030112717386772
2607,0.08732836384954645
2608,0.08119979860566928
2609,0.21652590057810547
2610,0.1431906121536775
2611,0.1623340307178847
2612,0.21996429323006783
2613,0.18109875531324696
2614,0.17287407924427103
2615,0.1800267695631768
2616,0.1864775250486363
2617,0.17248490143164172
2618,0.2204475069203475
2619,0.1967080973867337
2620,0.22707752974846807
2621,0.07294971130740172
2622,0.01067216224715112
2623,0.09507663237322472
2624,0.08162374957788121
2625,0.0179400414245555
2626,-0.0015170981361650882
2627,0.13917098728862948
2628,0.10578619294295342
2629,0.041625123463935126
2630,0.11763955036014799
2631,-0.004391075235573322
2632,0.15778763891173375
2633,0.11933885700569134
2634,0.12703209766434462
2635,0.08832523302069585
2636,0.09444317420294818
2637,0.0532616946374369
2638,0.09066163047168041
2639,0.02674472005436244
2640,0.02453312691922546
2641,0.10947389601831187
2642,0.10180816631888229
2643,-0.1532343922222378
2644,0.09344869670454557
2645,-0.03997118407527544
2646,0.05070063671068257
2647,0.017786642101108713
2648,0.019038208331288435
2649,-0.19495296851719413
2650,0.03208305427090952
2651,0.09440000377073929
2652,0.08204949763109966
2653,0.09372031196699811
2654,0.10820223829681676
2655,-0.10370523675606116
2656,0.09940855169277808
2657,0.07680377847260976
2658,0.08281156887256826
2659,-0.051462509577299025
2660,-0.10829744944365347
2661,-0.05191917375198438
2662,0.08452723084495613
2663,0.09359699779424412
2664,-0.1149440537067995
2665,0.09543254607159574
2666,0.01377563327692436
2667,0.10655718515115788
2668,-0.08780628626789648
2669,0.0621188662051557
2670,0.08868181184923477
2671,0.1330514004516218
2672,-0.09523986552591525
2673,0.1361947334028763
2674,0.1413972754721484
2675,0.10153464669903628
2676,0.07014929561883532
2677,0.08084757823960154
2678,-0.10864462587918723
2679,0.08470709080222859
2680,0.061383234359065994
2681,0.052851099467647426
2682,0.08998745446835318
2683,0.11117859025347183
2684,-0.10193456310310295
2685,0.09285918329233413
2686,0.11106807821138698
2687,-0.021997389170866632
2688,0.053020467793168026
2689,0.017274984784140676
2690,0.019836033388508815
2691,0.021474347933169033
2692,0.02254696419673344
2693,0.02176856313025793
2694,-0.09562258938449046
2695,0.010164875115773244
2696,-0.00878209642706191
2697,-0.08513218531331442
2698,0.04669256161320815
2699,-0.028798091962622438
2700,-0.0891765343828113
2701,-0.0005334384764229512
2702,0.03812243112412489
2703,0.10791954685413978
2704,0.036849040146579984
2705,-0.04941843813851421
2706,0.055758712384017514
2707,0.11036503812109823
2708,0.13194981484022247
2709,-0.08135212516332976
2710,0.0966449961183072
2711,0.04819889297914711
2712,0.03986053392996
2713,0.15275809544515664
2714,0.009053607251768002
2715,-0.017067342176162802
2716,0.02567450796059164
2717,0.029688854591386062
2718,0.048277273772848434
2719,0.03698277071965624
2720,0.02612010432364624
2721,0.05432628596387207
2722,0.06051645807977047
2723,0.06097125039706474
2724,0.06499902488310648
2725,0.028784192835997
2726,0.06945068928998076
2727,0.04311261245892129
2728,0.045498390528173435
2729,0.02831405694092
2730,0.10214361028254004
2731,-0.0490829901329865
2732,-0.11537475953235286
2733,0.0621757755483633
2734,0.08162858364841032
2735,0.04475612494329422
2736,0.004433089543943875
2737,0.026108026122870626
2738,0.029524747155504287
2739,0.04382323884101086
2740,0.046590162422845964
2741,0.060955996779882234
2742,-0.029842984581128888
2743,0.01192323517516997
2744,0.004906993116878836
2745,-0.0005787128234852429
2746,-0.003344183017821851
2747,0.017736987202642777
2748,0.09922376044375851
2749,-0.03782449502944238
2750,0.05197734553508703
2751,0.03672356530687838
2752,0.04171271099578019
2753,-0.07678412773249933
2754,0.032807327208047424
2755,-0.04368471431413187
2756,0.02603206947851503
2757,0.09064420999560883
2758,0.08813248785638199
2759,0.0351846439981555
2760,0.06723513632156199
2761,0.08193549928164594
2762,0.08639348333063235
2763,0.09766981834338068
2764,0.050338640012754426
2765,0.08818007731912339
2766,0.07110236597691263
2767,0.08245596398711223
2768,0.0039048151594826583
2769,0.084071849946473
2770,0.10833831257132935
2771,0.1315263996834923
2772,0.032877695435783436
2773,0.10919006758983543
2774,0.06954343502760771
2775,0.1343564870636405
2776,0.07468722961852882
2777,0.1389595804688208
2778,0.141605684368258
2779,0.17579249471776145
2780,0.1339228291124706
2781,0.1300032568159953
2782,0.15316811708342953
2783,0.12881866094668593
2784,0.11771881952393373
2785,0.16457310694905936
2786,0.17236129575766285
2787,0.19151061620808488
2788,0.19181177401449154
2789,-0.0050090060697654355
2790,-0.11497890804224667
2791,0.01594847071475197
2792,-0.015005686779764235
2793,-0.07253625744656461
2794,-0.04518532510246207
2795,-0.004019990892249346
2796,-0.11417673812227343
2797,-0.008856066211738399
2798,0.11709657844597504
2799,0.0785088305396635
2800,0.08121232850569293
2801,0.11255704396034258
2802,0.13186079968627404
2803,0.14360519425332546
2804,0.17788892358682687
2805,0.159974737857496
2806,0.18575607192174076
2807,0.012803257904851829
2808,0.10914710159826618
2809,0.14276138923790913
2810,0.1139312599501977
2811,0.03872400059153221
2812,0.13422286540472578
2813,0.17523278399237086
2814,0.1472957971045093
2815,0.014868279762700177
2816,0.1002660024068379
2817,0.1447579730574908
2818,0.12086627502158111
2819,0.058291121291291804
2820,-0.008301514083456326
2821,-0.11914988199352965
2822,-0.030493262614664892
2823,0.020734811361036352
2824,0.019429016372220557
2825,0.03235200586574572
2826,-0.06560831401477651
2827,0.04273346605453432
2828,-0.038670557693363874
2829,0.06877474238236589
2830,0.05691885394863169
2831,-0.06003384244636191
2832,0.004981724555255375
2833,-0.02498667320535058
2834,0.038452857321851414
2835,0.04187140097603001
2836,0.08081481236070942
2837,-0.010689853665645978
2838,0.12182817082646072
2839,0.0312963308684594
2840,0.06672519860117561
2841,0.04473013452600521
2842,0.13372720451253306
2843,0.07065127036331428
2844,0.04894428422708209
2845,0.06094276183527645
2846,0.15113497863353637
2847,0.10251294214044845
2848,0.15717334173716593
2849,0.09869812762612248
2850,0.1130047497207758
2851,0.12241203679316469
2852,0.03979363390743648
2853,0.08086231153992814
2854,0.09323130792514184
2855,0.03680124206405531
2856,-0.0102998622143267
2857,0.08782856044378565
2858,0.03485198469012931
2859,0.06570052375426672
2860,0.06214440859443251
2861,0.09717408870226603
2862,0.06651530610618071
2863,0.10765133340985822
2864,0.11076293329505942
2865,0.17324746730809215
2866,0.18035708595014158
2867,0.09688350113020731
2868,0.08946195732911234
2869,0.19619622534317357
2870,0.16717719277132198
2871,0.15608741866371256
2872,0.11997894813793697
2873,0.13416094728776728
2874,0.16028513656183904
2875,0.17770351070984045
2876,0.0653124263266705
2877,0.03054159439919363
2878,0.050028673967086705
2879,-0.01478747092254495
2880,0.08792551284132624
2881,0.025819964263776418
2882,0.12912295635532595
2883,0.1563755773916085
2884,0.1150679511024881
2885,0.1280396872004367
2886,0.11252785732062072
2887,0.11969068284897146
2888,0.054083734757616735
2889,0.03620564265473681
2890,0.0994523698422842
2891,-0.060096258883009845
2892,0.047831216424929116
2893,0.04928613345311275
2894,-0.04077560672560802
2895,0.0629878371027292
2896,0.07908593485169205
2897,0.045358047261070795
2898,0.1425494997128001
2899,0.04151397001579955
2900,0.045471735935807715
2901,0.03950880050497921
2902,0.03909183043631098
2903,0.07977806471565639
2904,0.012572788941868376
2905,0.08302925957882482
2906,-0.08131036405794681
2907,0.10589793359323514
2908,0.05584304152657314
2909,-0.3127628598109262
2910,-0.5643626573458888
2911,-0.5244926557677334
2912,-0.6558149419047423
2913,-0.49623016640674744
2914,-0.4498830768659124
2915,0.10110310893025369
2916,0.11633473361606851
2917,0.10841789460311774
2918,0.10911033321428382
2919,0.09653741217539911
2920,0.16824228023366808
2921,0.06142561175806194
2922,0.01008864183292229
2923,-0.015306272195603607
2924,-0.014525032065239198
2925,0.012359457767723733
2926,-0.0014013956685023387
2927,0.019712379454338746
2928,-0.01756411270932832
2929,0.0032348706495413412
2930,-0.00027938754237265
2931,-0.08999856735292584
2932,0.015241700917754326
2933,0.0038397409427905773
2934,-0.033113681242205525
2935,0.004109747523615008
2936,0.013085445303868065
2937,-0.16001151132128105
2938,-0.007935426294922486
2939,0.014842675342765151
2940,-0.06639282987762618
2941,-0.0005830018658636092
2942,0.10728625060962871
2943,-0.0997465277031519
2944,0.017330989346066656
2945,0.004617267036503455
2946,0.004920279114102258
2947,-0.047181430083546826
2948,0.14442723981806563
2949,0.10095074433160398
2950,0.11473213870538951
2951,-0.01850472286395277
2952,0.16474924241406694
2953,0.14246287047996975
2954,0.13212510555635365
2955,0.07482528662567219
2956,0.21409894191588955
2957,0.15201455365044694
2958,0.20118894816023503
2959,0.05000077911344726
2960,0.15094904811996884
2961,0.09308555931517026
2962,0.08156925480266418
2963,0.04602996707507153
2964,0.13099823794583604
2965,0.1275990835075121
2966,0.1417652213100373
2967,0.09434424824374128
2968,0.1602770121692643
2969,0.16804217147298242
2970,0.15822267355901687
2971,0.019414986410769983
2972,0.06604584400427965
2973,0.01868562504679809
2974,0.017788515822586573
2975,-0.0874784491002166
2976,-0.06736263585308477
2977,-0.04074813925395959
2978,-0.015398073634555849
2979,0.05076567795807425
2980,0.06994545616759354
2981,0.050262461213821455
2982,0.054525657841514835
2983,-0.1931804067019297
2984,-0.10560557992644173
2985,-0.07246042054642143
2986,-0.042079214751859155
2987,-0.15541309240075893
2988,-0.05332250084411921
2989,0.023051738119542375
2990,0.03982685536845753
2991,0.01891749706103706
2992,0.06418926634379872
2993,-0.2507313248832552
2994,-0.15554248403779058
2995,-0.1518140384752926
2996,-0.17384616128322466
2997,-0.06126349168458465
2998,-0.05673279909705261
2999,-0.2665790100839685
3000,-0.15162864393828737
3001,-0.12353196988290727
3002,-0.0653917104823542
3003,-0.0816931821664461
3004,-0.10517772727030757
3005,-0.0647413947681399
3006,-0.08151211999460731
3007,-0.09890806836399291
3008,0.022382379855746003
3009,0.0667798392602403
3010,0.0122494778948716
3011,-0.018643503269926826
3012,-0.02670502560873601
3013,0.02597980238155824
3014,-0.07905487357031477
3015,-0.028515438409198724
3016,-0.027591855547038413
3017,0.1608772270544597
3018,0.13863584848370158
3019,0.12417064698363033
3020,-0.08331600353083773
3021,-0.019122650770892386
3022,0.011315928314899339
3023,-0.020769372599116747
3024,-0.03554112271486976
3025,0.021363732362071036
3026,-0.04547446977285052
3027,0.05895508423898703
3028,0.05773361863670134
3029,-0.14392360548721814
3030,-0.1533458636440976
3031,-0.0317793867851631
3032,-0.04016977381392364
3033,-0.301507557713001
3034,-0.3007205116628212
3035,-0.13208123352812812
3036,-0.13227613596315588
3037,0.16225031489474456
3038,0.17105527934320794
3039,0.15936645896614776
3040,0.17920936988245692
3041,-0.1133956361117293
3042,-0.1393161868864743
3043,-0.09252191398829286
3044,-0.30677753166419447
3045,-0.15784424280442708
3046,-0.1428089290132079
3047,0.08412182487134566
3048,0.08799560095040504
3049,0.13097899638540347
3050,-0.0870685560774291
3051,0.15984043211789783
3052,0.1261477055096789
3053,0.10290579937288007
3054,0.05093336061586565
3055,0.12754451906605374
3056,-0.039596802750926655
3057,0.06285440508323463
3058,0.0526964042643829
3059,-0.3311525152003933
3060,-0.3133698838047465
3061,-0.2624588571496934
3062,-0.21970767038338956
3063,-0.217637162227607
3064,-0.7950878800678999
3065,-0.5823300062781505
3066,-0.5073150495781162
3067,-0.5483943922165838
3068,-0.6320821324568123
3069,-0.5986817423564302
3070,-0.41327421720909086
3071,-0.3185702459923449
3072,-0.3087180285122599
3073,-0.3336379227334389
3074,-0.1476895527297176
3075,-0.08575340490683118
3076,0.06710494520125962
3077,0.014160745836588487
3078,0.07136746461114238
3079,-0.08928883808178795
3080,-0.14552651045036874
3081,0.06503007901795027
3082,-0.10906800514480303
3083,0.10994690684997768
3084,0.3082989462717017
3085,0.31409915009695194
3086,0.09613186603961811
3087,0.1741600968284452
3088,0.3121933309162747
3089,-0.05175482583930833
3090,-0.10510239423548064
3091,-0.05589016353843474
3092,-0.0747646677869557
3093,0.0770024721287101
3094,0.05980322707618402
3095,-0.011899440025492054
3096,0.10509316501193837
3097,0.03395129250147252
3098,0.14902375352904193
3099,-0.12278176182256165
3100,-0.09968330077553765
3101,-0.08854390904518165
3102,-0.11771839564137294
3103,0.029778882350777445
3104,0.14156719304597698
3105,0.17261390859131673
3106,0.15275318398748308
3107,-0.11734488527985547
3108,-0.14379827671841336
3109,-0.04966098908589594
3110,-0.08621020813234943
3111,-0.20398128672160298
3112,-0.24287612784337692
3113,-0.14857894368715766
3114,-0.1926954339188194
3115,-0.6591149340774008
3116,-0.5511058761114647
3117,-0.43816706597928357
3118,-0.4339799286078745
3119,-0.026772110624394413
3120,-0.12700144062090749
3121,0.014911970194854829
3122,0.00895200608822914
3123,-4.61512051684126
3124,-4.61512051684126
3125,-4.61512051684126
3126,-4.61512051684126
3127,-4.61512051684126
3128,-4.61512051684126
3129,-4.61512051684126
3130,-4.61512051684126
3131,-4.61512051684126
3132,-4.61512051684126
3133,-4.61512051684126
3134,-4.61512051684126
3135,-4.61512051684126
3136,-4.61512051684126
3137,-4.61512051684126
3138,-0.20326360092980014
3139,-0.339284750528149
3140,-0.3777314088633515
3141,-0.3375685992784209
3142,-0.19830921267775867
3143,-0.36422334919529903
3144,0.16357374474583747
3145,0.09838594288021747
3146,0.12426119152276152
3147,0.05946023712363996
3148,-0.14644933553894254
3149,-0.15244678412713109
3150,0.14261978999515615
3151,0.12302065001738142
3152,0.06860089810966835
3153,0.07615266977585887
3154,0.11664327538730512
3155,0.08327454372901623
3156,-4.61512051684126
3157,-4.61512051684126
3158,-4.61512051684126
3159,-4.61512051684126
3160,-4.61512051684126
3161,-4.61512051684126
3162,-4.61512051684126
3163,-4.61512051684126
3164,-4.61512051684126
3165,-4.61512051684126
3166,-4.61512051684126
3167,-4.61512051684126
3168,-0.22618761948855826
3169,-0.14144943351101796
3170,-0.09163299488836535
3171,-0.13299066213034563
3172,-1.7954318344000533
3173,-1.480331572854796
3174,-1.4527883632403347
3175,-1.448595594646045
3176,-0.033833290106716686
3177,0.008695358112602409
3178,0.044860079857959013
3179,0.025312634287739826
3180,-0.3654104342284855
3181,-0.6004955026090342
3182,-0.5393139046927938
3183,-0.6757594616763506
3184,-0.43582207330067474
3185,-0.464319790530004
3186,0.1387176214545841
3187,0.1909673186384868
3188,0.11200256524135788
3189,0.0821637025988324
3190,0.1476716581098991
3191,0.1046217174229818
3192,-0.48460934450943854
3193,-0.6607432471888204
3194,-0.5123577193900768
3195,-0.6756609610690123
3196,-0.4789546015481458
3197,-0.5869512947407317
3198,-0.3858639623595279
3199,-0.17551807956832324
3200,-0.21418939769568102
3201,-0.20691396653336766
3202,-0.35805155468340977
3203,-0.1406462707584456
3204,-0.18421166058345897
3205,-0.20114527422282572
3206,0.006245145007575881
3207,0.03539891467946192
3208,0.03792274570832342
3209,0.02523405995161186
3210,-0.4705546117748956
3211,-0.45331965866544516
3212,-0.3536442759689385
3213,-0.3435013266648938
3214,-0.7294172045878855
3215,-0.5898266114346882
3216,-0.535124966093199
3217,-0.5353139896336143
3218,-0.48955624691808114
3219,-0.42703932625680474
3220,-0.30033320090447474
3221,-0.3157901291167839
3222,-0.503905717363076
3223,-0.2582851975547331
3224,-0.3298084908046093
3225,-0.3406274699739394
3226,0.19045328713372559
3227,0.2059077372535845
3228,0.1838213162841243
3229,0.1867503342161623
3230,-0.4891413081521339
3231,-0.32434944474564237
3232,-0.33263834657298885
3233,-0.2877034702903199
3234,-0.600368897549685
3235,-0.6017805259403276
3236,-0.5551869407502699
3237,-0.5655180641434219
3238,-0.5742723668988899
3239,-0.5826740829104995
3240,0.08655026850454281
3241,0.12635679515200324
3242,0.09057888050740077
3243,0.1478178909636635
3244,0.07436480112952176
3245,0.12513252673485326
3246,-0.6488470894701561
3247,-0.6801126554877202
3248,-0.9369233470732129
3249,-0.790487945762925
3250,-0.7993110109786309
3251,-0.5556700198904475
3252,-1.1366201159499734
3253,-1.238460555574884
3254,-1.113483308926214
3255,-1.0556050935251056
3256,-1.2485350564013655
3257,0.2064456954755667
3258,0.2838121533790324
3259,0.2849511960838795
3260,0.2682805635608394
3261,0.27968214971211525
3262,-1.1649729911498994
3263,-1.3019171364433588
3264,-1.145861718277278
3265,-1.136752926670258
3266,-1.1086716629290982
3267,-1.040786416696984
3268,-0.8469972715660541
3269,-0.9838514055664861
3270,-1.0061818695027418
3271,-1.0026583225126746
3272,-0.7442628075218204
3273,-1.0290908227191398
3274,-0.8522476934335061
3275,-1.0057000588899783
3276,-1.020822857713154
3277,-1.0033463504261078
3278,-0.7137878765487775
3279,0.1673284668014901
3280,0.1054596928685104
3281,0.1353773423914825
3282,0.11095264622411635
3283,0.10994754763429769
3284,0.13097063037408127
3285,-0.9258162002801348
3286,-0.8616674910837823
3287,-0.6372037667171795
3288,-0.6312311281843433
3289,-0.6004884403522324
3290,0.04987785105773079
3291,0.11181497017754236
3292,0.07497659645141037
3293,0.09993251685201957
3294,0.0948986280098049
3295,0.06005000822825173
3296,-0.0022871545006493987
3297,0.013937643140128788
3298,0.02536819052129718
3299,0.03621530012496256
3300,-0.778834935671646
3301,-0.7507291082929036
3302,-0.7880035251662075
3303,-0.5695566332587476
3304,-0.5224950933661737
3305,-0.4930101089119799
3306,-0.7714941020582995
3307,-0.7687735516612644
3308,-0.7503125151374778
3309,-0.5763269370334908
3310,-0.4865891377744754
3311,-0.49198731598644685
3312,-0.7832813805223613
3313,-0.7707340247260472
3314,-0.7697443861613082
3315,-0.5775601449439114
3316,-0.5250999471336809
3317,-0.5062580756608204
3318,-1.2483046994370208
3319,-0.7187871802062084
3320,-0.6770419949155644
3321,-0.6581875102278618
3322,-0.5387388363971488
3323,-0.23525161546997808
3324,-0.23675893595565026
3325,-0.23770961014547193
3326,-1.2485975795482895
3327,-0.7028499645215225
3328,-0.6813120601658392
3329,-0.6495463997799112
3330,-1.1323932568511563
3331,-1.0491869187546392
3332,-1.0669079711153706
3333,-1.0424455408448399
3334,-1.0995893273846138
3335,-1.140076471960539
3336,0.23484544617699318
3337,0.16526291161532783
3338,0.2088380703104282
3339,0.162419360942358
3340,0.11676696244562766
3341,0.178781378097273
3342,-1.1160448905568912
3343,-1.0725773213345808
3344,-1.0278358018749565
3345,-1.0874405257346944
3346,-1.0819825703662098
3347,-1.1637254718500285
3348,-1.2563373473649855
3349,-1.0624866483344422
3350,-1.1042979543860385
3351,-1.2723371500085559
3352,-1.2011835452228974
3353,-1.1782900392875517
3354,-0.6779708645350269
3355,-1.8630864187064846
3356,-1.693489684032051
3357,-1.7026335997096003
3358,-1.8537313793353427
3359,-1.8193817071559124
3360,-1.8103848751896907
3361,-1.1911320291605758
3362,-0.30270185119144816
3363,-0.18924055268334633
3364,-0.21929647727246962
3365,-0.1615164373289132
3366,-0.36191982104070075
3367,-0.26221969899990905
3368,-0.045224292733696485
3369,-1.4148896804249205
3370,-0.8399614758304822
3371,-0.8830973121190349
3372,-0.860829035161841
3373,-1.297096681727365
3374,-0.88078812697339
3375,-0.8400099555212839
3376,-0.8921721713270278
3377,-0.029620576207659323
3378,0.09309033829495801
3379,0.05604008244160675
3380,0.13780964952168476
3381,-1.5998720124729815
3382,-1.3920444871897717
3383,-1.5140200331582154
3384,-1.420358687779173
3385,-1.5266450033356196
3386,-1.4499809702753095
3387,-0.8519786255325069
3388,0.058312263377809606
3389,0.0733590063207469
3390,0.11204754019127754
3391,0.013247096451866752
3392,0.046574005148391204
3393,0.12979346252041626
3394,0.15567818440750175
3395,-2.652901072040083
3396,-2.470115303569045
3397,-2.534204849488138
3398,-2.4215668566729476
3399,-2.412936488017448
3400,-2.4733057424599227
3401,-1.7601974685591495
3402,-1.4441929793770958
3403,-1.0707528332364313
3404,-1.0298898835097323
3405,-1.00112648703993
3406,0.1188321626610648
3407,-0.031785853669748405
3408,0.0740827846166263
3409,0.11701556321909763
3410,-1.457376908483744
3411,-1.0757053300954678
3412,-1.0274687674644747
3413,-1.0198887547018292
3414,-1.6881685455605864
3415,-1.5662204112610292
3416,-1.2827224770350536
3417,-1.1909803074778433
3418,-1.1423436363905988
3419,-1.8209569627074709
3420,-1.7197432526216005
3421,-1.4102041659894458
3422,-1.349231971178447
3423,-1.2830169494139045
3424,0.09006742090428195
3425,0.030370688285322568
3426,-0.0685350030093014
3427,0.067851976111419
3428,0.026260154344725884
3429,-1.6239396811522575
3430,-1.1103222111346018
3431,-1.101782041488818
3432,-1.0399610461874227
3433,-1.620462240127367
3434,-1.1081585545332169
3435,-1.1141908883758511
3436,-1.0481539137592852
3437,-0.967933758532388
3438,-0.587193329979911
3439,-0.6067367845550576
3440,-0.5465489641113345
3441,-1.9765287126977675
3442,-1.6437590245703437
3443,-1.3574553006651493
3444,-1.2949300575516958
3445,-1.2201657466290048
3446,0.09021295648090655
3447,0.1164605809235532
3448,0.08954588975287821
3449,0.07311127764575018
3450,0.10319872823993126
3451,-1.775824558181855
3452,-1.6677305631679256
3453,-1.3739258600969004
3454,-1.3005629492322546
3455,-1.2505887495770625
3456,-1.973403495726127
3457,-1.875117369542553
3458,-1.9286274359679272
3459,-2.0509953112496464
3460,-2.052333099582151
3461,-1.989983491962334
3462,-1.354972756154335
3463,-2.1109909804425175
3464,-1.941740655863988
3465,-1.979256235558251
3466,-1.9982186762160932
3467,-2.126286857706976
3468,-2.0533812060336856
3469,-1.3914137904125667
3470,-0.203220406654786
3471,-0.1900066198144027
3472,-0.2085857366093819
3473,-0.17705499383994946
3474,-0.2733989384879535
3475,-0.16815119843166854
3476,-0.038084562816095874
3477,-2.1067214895855413
3478,-2.002318604800368
3479,-2.0747729751054154
3480,-2.081955869685367
3481,-2.012585292280927
3482,-2.0295830494446334
3483,-1.3659941115179983
3484,0.0844306057449008
3485,0.17602464872909468
3486,0.08478134753670782
3487,0.15456816577926727
3488,0.10766760379279489
3489,0.14905928869011187
3490,0.14378960429504709
3491,0.15465395696194725
3492,0.1272135009324944
3493,0.0551799414418301
3494,0.14314804940512582
3495,0.13784579313146733
3496,0.11904744388172156
3497,0.11830657175096312
3498,-2.2616103648095227
3499,-1.8225278141118955
3500,-1.8604005107603088
3501,-1.8017836347237806
3502,-0.19322069584433557
3503,-0.11201578083934469
3504,-0.1546627399296079
3505,-0.13852832968129936
3506,-0.5721183124581936
3507,-0.41573602357506517
3508,-0.3622677383540924
3509,-0.37404400990914805
3510,-2.41187790808353
3511,-1.8866897905483822
3512,-1.9370657067669215
3513,-1.78752897472089
3514,0.2218810435659819
3515,0.19631927094132356
3516,0.16787971739210517
3517,0.22570641123193375
3518,-0.2518226605015798
3519,-0.15820578056524318
3520,-0.17217927062826008
3521,-0.15651279577937321
3522,-2.4379506910590165
3523,-1.883937259997276
3524,-1.9181335289576262
3525,-1.7718916466304382
3526,-2.272584679479816
3527,-1.8881083470858162
3528,-1.890274330656128
3529,-1.7794844002492363
3530,-0.2970725436545673
3531,-0.1990990412286959
3532,-0.16616569099053213
3533,-0.19589481722803578
3534,-2.8453468167197355
3535,-2.895917359974605
3536,-3.008875452729751
3537,-3.012306719630418
3538,-2.9989546675756724
3539,-2.974171971637859
3540,-2.006341164259037
3541,-2.0635525154254104
3542,-2.034403680181924
3543,-2.0759940037527165
3544,-2.029103084343339
3545,-1.9881624926447172
3546,-2.4381620678359504
3547,-2.4753085743777654
3548,-2.4758836446680594
3549,-2.489937480533504
3550,-2.4659522849375652
3551,-2.4246196710128203
3552,-3.572384487946547
3553,-3.557422612281593
3554,-3.177119935996615
3555,-3.156316382473187
3556,-3.118228264477031
3557,0.08874464732634035
3558,0.08658503343512741
3559,-0.0758402167987049
3560,0.07916083042746917
3561,0.048817139164839034
3562,-3.548384217124925
3563,-3.5633474851093103
3564,-3.161283586421847
3565,-3.1826506035799245
3566,-3.0948710800910493
3567,-4.316774671243375
3568,-3.508215331010531
3569,-3.3409691092977725
3570,-3.490385154251601
3571,-4.030794612159185
3572,-3.5093658089058146
3573,-3.4216063167913724
3574,-3.516574708157886
3575,-4.61512051684126
3576,-5.138572330988722
3577,-4.61512051684126
3578,-4.61512051684126
3579,-3.5534620825538976
3580,-3.4280600886027326
3581,-2.589431982201722
3582,-2.687986840545912
3583,-2.704225034185128
3584,-2.5928791137428058
3585,-1.8027409503058434
3586,-1.8929615560145003
3587,-4.61512051684126
3588,-4.61512051684126
3589,-4.61512051684126
3590,-4.61512051684126
3591,-0.0017046695769161629
3592,-0.016578766720220333
3593,-0.009961652130719516
3594,0.09506254061266606
3595,-0.9841288510961858
3596,-0.5075013655999095
3597,-0.5500009538299377
3598,-0.5176709326677276
3599,-4.61512051684126
3600,-4.61512051684126
3601,-4.61512051684126
3602,-4.61512051684126
3603,-4.61512051684126
3604,-4.61512051684126
3605,-4.61512051684126
3606,-4.61512051684126
3607,-4.61512051684126
3608,-4.61512051684126
3609,-4.61512051684126
3610,-4.61512051684126
3611,-4.61512051684126
3612,-4.61512051684126
3613,-4.61512051684126
3614,-4.61512051684126
3615,-4.61512051684126
3616,-4.61512051684126
3617,-0.8231379807601612
3618,-0.7801580409758536
3619,-0.8657917835826827
3620,-2.7117620929185766
3621,-2.6976303782456825
3622,-2.6929218853137438
3623,-2.9212706228458205
3624,-4.61512051684126
3625,-4.61512051684126
3626,-4.61512051684126
3627,-4.61512051684126
3628,-4.61512051684126
3629,-4.61512051684126
3630,-4.61512051684126
3631,-4.61512051684126
3632,-4.61512051684126
3633,-4.61512051684126
3634,-4.61512051684126
3635,-4.61512051684126
3636,-4.61512051684126
3637,-4.61512051684126
3638,-4.61512051684126
3639,-4.61512051684126
3640,-4.61512051684126
3641,-4.61512051684126
3642,-4.61512051684126
3643,-4.61512051684126
3644,-4.61512051684126
3645,-4.61512051684126
3646,-4.61512051684126
3647,-4.61512051684126
3648,-4.61512051684126
3649,-4.61512051684126
3650,-4.61512051684126
3651,-4.61512051684126
3652,-4.61512051684126
3653,-4.61512051684126
3654,-4.61512051684126
3655,-4.61512051684126
3656,-4.61512051684126
3657,-4.61512051684126
3658,-4.61512051684126
3659,-4.355520584047845
3660,-4.61512051684126
3661,-4.61512051684126
3662,-4.260607334088301
3663,-5.117069369777836
3664,-4.61512051684126
3665,-4.61512051684126
3666,-4.61512051684126
3667,-4.61512051684126
3668,-4.61512051684126
3669,-4.61512051684126
3670,-4.61512051684126
3671,-4.61512051684126
3672,-4.61512051684126
3673,-4.61512051684126
3674,-4.61512051684126
3675,-4.61512051684126
3676,-4.61512051684126
3677,-4.61512051684126
3678,-2.4866427365214476
3679,-2.44029454102881
3680,-2.7003755609856017
3681,-4.61512051684126
3682,-4.61512051684126
3683,-4.61512051684126
3684,-4.61512051684126
3685,-4.61512051684126
3686,-4.61512051684126
3687,-4.61512051684126
3688,-4.61512051684126
3689,-4.61512051684126
3690,-4.61512051684126
3691,-4.61512051684126
3692,-4.61512051684126
3693,-4.61512051684126
3694,-4.61512051684126
3695,-4.61512051684126
3696,-4.61512051684126
3697,-4.61512051684126
3698,-4.61512051684126
3699,-4.61512051684126
3700,-4.61512051684126
3701,-4.61512051684126
3702,-4.61512051684126
3703,-4.61512051684126
3704,-4.61512051684126
3705,-4.61512051684126
3706,-4.61512051684126
3707,-4.61512051684126
3708,-4.61512051684126
3709,-4.61512051684126
3710,-4.61512051684126
3711,-4.61512051684126
3712,-4.61512051684126
3713,-4.61512051684126
3714,-4.61512051684126
3715,-4.61512051684126
3716,-4.61512051684126
3717,-4.61512051684126
3718,-4.61512051684126
3719,-4.61512051684126
3720,-4.61512051684126
3721,-4.61512051684126
3722,-4.61512051684126
3723,-4.61512051684126
3724,-4.61512051684126
3725,-4.61512051684126
3726,-4.61512051684126
3727,-4.61512051684126
3728,-4.61512051684126
3729,-4.61512051684126
3730,-4.61512051684126
3731,-4.61512051684126
3732,-4.61512051684126
3733,-4.61512051684126
3734,-4.61512051684126
3735,-4.61512051684126
3736,-4.61512051684126
3737,-4.61512051684126
3738,-4.61512051684126
3739,-2.525376943674892
3740,-2.834641166776593
3741,-2.627566940591942
3742,-4.460189610463971
3743,-4.61512051684126
3744,-4.61512051684126
3745,-4.311947921239766
3746,-4.61512051684126
3747,-4.61512051684126
3748,-4.61512051684126
3749,-4.61512051684126
3750,-4.61512051684126
3751,-4.61512051684126
3752,-4.61512051684126
3753,-4.61512051684126
3754,-4.61512051684126
3755,-4.61512051684126
3756,-4.61512051684126
3757,-4.61512051684126
3758,-4.61512051684126
3759,-4.61512051684126
3760,-4.61512051684126
3761,-4.61512051684126
3762,-4.61512051684126
3763,-4.61512051684126
3764,-4.61512051684126
3765,-4.61512051684126
3766,-4.61512051684126
3767,-4.61512051684126
3768,-4.61512051684126
3769,-4.61512051684126
3770,-4.61512051684126
3771,-4.61512051684126
3772,-4.61512051684126
3773,-4.61512051684126
3774,-4.61512051684126
3775,-4.61512051684126
3776,-4.61512051684126
3777,-4.61512051684126
3778,-4.61512051684126
3779,-4.61512051684126
3780,-4.61512051684126
3781,-4.61512051684126
3782,-4.61512051684126
3783,-4.61512051684126
3784,-4.61512051684126
3785,-4.61512051684126
3786,-4.61512051684126
3787,-4.61512051684126
3788,-4.61512051684126
3789,-4.61512051684126
3790,-4.61512051684126
3791,-4.61512051684126
3792,-4.61512051684126
3793,-4.61512051684126
3794,-4.61512051684126
3795,-4.61512051684126
3796,-4.61512051684126
3797,-4.61512051684126
3798,-4.61512051684126
3799,-4.61512051684126
3800,-4.61512051684126
3801,-4.61512051684126
3802,-4.61512051684126
3803,-4.61512051684126
3804,-4.61512051684126
3805,-4.61512051684126
3806,-4.61512051684126
3807,-4.61512051684126
3808,-4.61512051684126
3809,-4.61512051684126
3810,-4.61512051684126
3811,-4.61512051684126
3812,-4.61512051684126
3813,-4.61512051684126
3814,-4.61512051684126
3815,-4.61512051684126
3816,-4.61512051684126
3817,-4.61512051684126
3818,-4.61512051684126
3819,-4.61512051684126
3820,-4.61512051684126
3821,-4.61512051684126
3822,-4.61512051684126
3823,-4.61512051684126
3824,-4.61512051684126
3825,-4.61512051684126
3826,-4.61512051684126
3827,-4.61512051684126
3828,-4.61512051684126
3829,-4.61512051684126
3830,-4.61512051684126
3831,-4.61512051684126
3832,-4.61512051684126
3835,-4.61512051684126
3836,-4.61512051684126
3837,-4.61512051684126
3838,-4.61512051684126
3839,-4.61512051684126
3840,-4.61512051684126
3841,-4.61512051684126
3842,-4.61512051684126
3843,-4.61512051684126
3844,-4.61512051684126
3845,-4.61512051684126
3846,-4.61512051684126
3847,-4.61512051684126
3848,-4.61512051684126
3849,-4.61512051684126
3850,-4.61512051684126
3851,-4.61512051684126
3852,-4.61512051684126
3853,-4.61512051684126
3854,-4.61512051684126
3855,-4.61512051684126
3856,-4.61512051684126
3857,-4.61512051684126
3858,-4.61512051684126
3859,-4.61512051684126
3860,-4.61512051684126
3861,-0.12151045687801422
3862,0.3817506973740265
3863,0.11080561650688368
3864,-0.20066180891199029
3865,0.25138460035390414
3866,-0.35748340439237886
3867,-0.029562478047445058
3868,-0.23766299082622963
3869,-0.09390069668184717
3870,0.27843909327129024
3871,-0.22933524252405119
3872,0.46060759608760926
3873,0.42408427354272515
3874,-0.20390993019412743
3875,-0.20401511610254022
3876,-0.07549428334246235
3877,0.3765483977441452
3878,0.19786819316258686
3879,-0.15546411633895674
3880,-0.11645230477434353
3881,-0.3253430436355495
3882,0.14191687161424404
3883,-0.5777694116881888
3884,-0.2002224114179934
3885,-0.5497105321641187
3886,-0.16709690739104488
3887,0.5159568893250559
3888,0.3165527263010234
3889,0.019755157497894957
3890,0.13987106993360754
3891,0.15622386085327683
3892,0.7286337695741826
3893,0.5041813805010126
3894,0.3847442527442295
3895,0.6093177420006747
3896,0.360613220796786
3897,0.6953392999210127
3898,-0.578420079876466
3899,0.5142447501420899
3900,-0.9581535358826099
3901,0.384040386891216
3902,0.6792047529157678
3903,0.5997303964354755
3904,0.5262107377082883
3905,-0.03193712064643515
3906,-1.600493092616493
3907,-1.481451204347985
3908,-1.4452220512735061
3909,-1.5375692260870422
3910,-1.5790229760874186
3911,-1.6254068206351873
3912,-1.5688089090637454
3913,-1.467084708323971
3914,-1.6727708887072168
3915,-1.594075213589686
3916,-1.5563914082229613
3917,-1.5253685196739704
3918,-1.6168195536736105
3919,-1.6901127430273988
3920,-1.579325045040861
3921,-0.35660837525580164
3922,-0.06097416650326888
3923,-0.2836672805181782
3924,-0.48834866060361165
3925,-0.5422263015331752
3926,-0.21670291007794945
3927,-0.18726251584419182
3928,-0.4662318359996936
3929,0.10934118205933342
3930,-0.48508546896235816
3931,-0.21391550326843248
3932,-0.13879627493199553
3933,-0.697293374574447
3934,-0.7346978600253159
3935,0.17024901127420874
3936,-0.2861614753251246
3937,-0.7320024825810456
3938,-0.5079156436030164
3939,0.04070602099871124
3940,-0.5970759890993519
3941,-0.40243865700435894
3942,-0.3844599090285414
3943,0.09648199218712705
3944,0.06823641708196936
3945,-0.032607039050868834
3946,0.09703908308764479
3947,-0.14543766497866195
3948,-0.14436120386352802
3949,0.15105687972892093
3950,-0.10670741225474577
3951,0.10906779136212702
3952,0.11488815671792173
3953,0.4039872519375342
3954,0.5877294163135123
3955,-0.27880340465418585
3956,0.0004388323031446896
3957,0.9255915412592436
3958,0.9906245017998069
3959,1.109153446050358
3960,1.00473251076353
3961,0.20146810433842702
3962,0.7508694344293044
3963,0.07085541022715176
3964,0.9106839367182807
3965,0.2812289412661953
3966,0.8954453724773588
3967,0.9834700931848737
3968,0.3558485059982253
3969,0.742572880198463
3970,0.6981940236722155
3971,0.7814142446903622
3972,0.4378893607458323
3973,0.7789011325302955
3974,0.5345578206941672
3975,0.7551739543136257
3976,0.2856482621345098
3977,0.793918807538705
3978,0.4359824212808034
3979,0.6041959269683402
3980,0.7810304416538908
3981,0.4942754957350343
3982,-0.11722869129429012
3983,0.10676569686580355
3984,0.3386776271209295
3985,0.13382418737573715
3986,0.6004078747818853
3987,-0.044604732669893406
3988,0.6112748448914622
3989,0.5729736620154305
3990,0.31507462220511373
3991,0.22323738846410107
3992,-0.05596275865610678
3993,0.6260194542018721
3994,0.6452513952813524
3995,0.6095470371162222
3996,0.6212882291634861
3997,0.00033849708572096927
3998,0.4895939468041969
3999,0.12408093663428102
4000,0.540189987170618
4001,0.5400762120846689
4002,-4.61512051684126
4003,-4.61512051684126
4004,-4.61512051684126
4005,-4.61512051684126
4006,-4.61512051684126
4007,-4.61512051684126
4008,-4.61512051684126
4009,-4.61512051684126
4010,-4.61512051684126
4011,-4.61512051684126
4012,-4.61512051684126
4013,-4.61512051684126
4014,-4.61512051684126
4015,-4.61512051684126
4016,-4.61512051684126
4017,-4.61512051684126
4018,-4.61512051684126
4019,-4.61512051684126
4020,-4.61512051684126
4021,-4.61512051684126
4022,-4.61512051684126
4023,-4.61512051684126
4024,-4.61512051684126
4025,-4.61512051684126
4026,-4.61512051684126
4027,-4.61512051684126
4028,-4.61512051684126
4029,-4.61512051684126
4030,-2.7664308883035362
4031,-2.7595179645220833
4032,-0.318698448681405
4033,-2.690945306182386
4034,-2.6570738528053752
4035,1.5072526686690801
4036,-2.829587542670943
4037,-4.61512051684126
4038,-4.61512051684126
4039,-4.61512051684126
4040,-4.61512051684126
4041,-4.61512051684126
4042,-4.61512051684126
4043,-4.61512051684126
4044,-4.61512051684126
4045,-4.61512051684126
4046,-4.61512051684126
4047,-4.61512051684126
4048,-4.61512051684126
4049,-4.61512051684126
4050,-4.61512051684126
4051,-4.61512051684126
4052,-4.61512051684126
4053,-4.61512051684126
4054,-4.61512051684126
4055,-4.61512051684126
4056,-4.61512051684126
4057,-4.61512051684126
4058,-4.61512051684126
4059,-4.61512051684126
4060,-4.61512051684126
4061,-4.61512051684126
4062,-4.61512051684126
4063,-4.61512051684126
4064,-4.61512051684126
4065,3.307049444997611
4066,3.189358531679542
4067,3.187779074633811
4068,3.291421324266635
4069,3.2364575777669318
4070,3.2367235063250024
4071,3.1649374276929674
4072,3.2389073452013006
4073,3.268614522184829
4074,3.0955522786562177
4075,2.119971115977541
4076,1.3603957374419544
4077,1.9457673261277226
4078,2.13763726499286
4079,2.410538166821642
4080,2.222959604298389
4081,1.7610467038040338
4082,1.929250382191738
4083,3.8663004434688686
4084,1.1992967882084564
4085,3.7555241247832707
4086,3.7252646069959354
4087,3.693946291567924
4088,3.20281468647417
4089,3.1577546452179694
4090,3.4253401080002543
4091,3.759274291085263
4092,3.4297798802912345
4093,3.380011325831584
4094,3.325981116309099
4095,3.114857949140999
4096,3.135635847266995
4097,3.1562706498798656
4098,3.21628717102552
4099,3.128819781293518
4100,3.147935160151966
4101,3.1298656118394463
4102,3.1500507348951357
4103,3.1346390990828015
4104,3.1153232444345575
4105,3.0519088077466106
4106,3.1378216220208643
4107,3.1250296759968146
4108,3.2570102587991467
4109,3.2910059552193487
4110,3.1356672980210205
4111,3.250880978171566
4112,2.9712462370727013
4113,3.0839035317124486
4114,3.0880758256304945
4115,3.1888603363396335
4116,3.0989647196687256
4117,3.142695463991199
4118,3.0767071667294665
4119,3.1811873833081954
4120,3.122277910524005
4121,3.135598430515764
4122,3.0366623364228844
4123,3.1328192753108093
4124,3.1199272788775785
4125,-4.039065660656735
4126,-3.945070157228045
4127,-3.900748158540962
4128,-3.8037373417333935
4129,-3.81129996837927
4130,-3.820404730233939
4131,-3.780124049098224
4132,-3.831762026561287
4133,-4.030045013908322
4134,-3.7971881624786636
4135,-0.33069323165408987
4136,-0.39503942294885763
4137,-0.3626729359731186
4138,-0.3545359506168234
4139,0.06652668291789628
4140,0.08603893137526938
4141,0.09561067210815566
4142,0.10310087975597244
4143,0.0691679507641725
4144,0.01816108242083306
4145,0.008443136128973077
4146,-0.03191749187273061
4147,0.022515961002119826
4148,0.00822821266064289
4149,0.0871325856228248
4150,0.08668866511336902
4151,0.09556278489315534
4152,0.05951460225017695
4153,0.12385135942182281
4154,0.06298156888291705
4155,0.07463036405920587
4156,0.10161692582217678
4157,0.09591311031265216
4158,0.08495415380915135
4159,-0.02124750282026501
4160,0.012478137679898612
4161,0.05832305916448407
4162,-0.046467041958419324
4163,0.013136272935379622
4164,-0.2794861985810152
4165,-0.27485803308243045
4166,-0.2506880920026574
4167,-0.2535296894179903
4168,-0.28420860634168965
4169,-0.34698088164901647
4170,-0.23185696674233933
4171,-0.2944717218206283
4172,-0.1716978581974781
4173,-0.4476815461996812
4174,-0.44529708024724624
4175,-0.4051575008348568
4176,-0.13405065266026522
4177,-0.23573522234639485
4178,0.16649738741281658
4179,0.19302807942087075
4180,0.039515905140329814
4181,0.036736205426918314
4182,0.028856234547947716
4183,0.030832229601000263
4184,0.06391800821990581
4185,-2.5597502983294667
4186,-2.447178517758098
4187,-2.4090373200856257
4188,-2.3783727090972158
4189,-2.4019690581945485
4190,-2.4445140666771383
4191,-2.461861650575365
4192,-0.1826068633929107
4193,-0.22760782999972062
4194,-0.2924188231079876
4195,-0.12133181719968182
4196,-0.14904675909536297
4197,-0.17031114778694062
4198,-0.13357931361069325
4199,-0.03469563112212287
4200,0.005938979079366479
4201,-0.029456920561457836
4202,0.0186428012252803
4203,-0.006202022042434115
4204,0.05147247373802464
4205,0.07284974430086372
4206,-0.39903163362477445
4207,-0.3359624699695406
4208,-0.33182975327596587
4209,-0.32257705584375324
4210,-0.28650884191388576
4211,-0.3415032029222205
4212,-0.3375238587221795
4213,0.10484351439806933
4214,0.1484507030944775
4215,0.1391805296237178
4216,0.12196430305264074
4217,0.12690001370369167
4218,0.145127365390685
4219,0.14183287715203644
4220,0.01082005287770011
4221,0.04053936180995574
4222,0.07489917469324746
4223,-0.039622239457355775
4224,0.017114686610446673
4225,-0.004823002549397254
4226,0.04943386876299416
4227,-0.003639979397078817
4228,-0.03560117537485826
4229,-0.07210643894843734
4230,0.00022909401047970377
4231,-0.10903358554529625
4232,-0.033620066877208955
4233,-0.000948932403181105
4234,0.0023858672977495232
4235,-0.032898458884731474
4236,-0.031519059956874804
4237,-0.04835133229819985
4238,0.0452983498358577
4239,-0.09172827402476469
4240,-0.012095909743285385
4241,0.02521174185456348
4242,0.01580157132414374
4243,0.08687381987715728
4244,-0.07408123485562712
4245,-0.023930173406219165
4246,-0.045291514025416514
4247,0.02623437546549955
4248,0.048239106501596955
4249,0.022634840209097763
4250,0.031238329987800285
4251,-0.02104021661610033
4252,0.016352919184170433
4253,0.016306476919637266
4254,0.09159862256078324
4255,0.0004178604533242908
4256,-0.015617564648688543
4257,-0.02683315639887941
4258,-0.048987192037161446
4259,0.012109807218314613
4260,0.04473971002149158
4261,0.042326980235326495
4262,-0.006772658445404172
4263,-0.025281019320839922
4264,-0.01098702270819622
4265,-0.022243417878177383
4266,-0.07426409007619933
4267,-0.0009217780959703729
4268,0.0779646945504495
4269,-0.02232409278678569
4270,-0.0816404489951818
4271,0.04302628935055982
4272,-0.08462275124498757
4273,-0.021945377248229522
4274,-0.038078136536652304
4275,0.0005110388310036357
4276,-0.024177821622264745
4277,-0.06840832083855655
4278,0.04838858666076952
4279,-0.00953264759291229
4280,0.03919683433049292
4281,0.061851752315348375
4282,0.11968349101635498
4283,-0.14864285232946703
4284,-0.11692966294332614
4285,-0.09436377387927422
4286,-0.07742952984989891
4287,-0.13866075466523034
4288,-0.03116784630214452
4289,-0.09330428285459379
4290,-3.1703219737742376
4291,-3.2934281207449
4292,-3.2752254626805595
4293,-3.2023199374615188
4294,-3.2492205624721673
4295,-3.1906409810119167
4296,-3.186656144194941
4297,-3.212091368721358
4298,-3.1866812736477574
4299,-4.61512051684126
4300,-4.910546187638152
4301,-4.61512051684126
4302,-4.61512051684126
4303,-4.61512051684126
4304,-4.848638721060225
4305,-4.61512051684126
4306,-4.842011994436952
4307,-4.61512051684126
4308,-2.950240297709125
4309,-2.9378450781996053
4310,-2.963290758550557
4311,-3.0039773105485423
4312,-2.9903917913153526
4313,-2.949414429492382
4314,-2.845636395951418
4315,-2.9128149599241913
4316,-2.988515213257741
4317,0.08569650866673821
4318,0.16282017367760104
4319,0.10182130199262679
4320,0.12763601774736136
4321,0.04851851174732862
4322,0.12151130143426853
4323,0.057720566021609715
4324,0.0744402724351348
4325,0.12067653188419858
4326,0.05698461808512949
4327,0.08351560073994699
4328,0.1510449901218723
4329,0.07054574103756096
4330,0.14610535876448766
4331,0.1275804060146145
4332,0.11029692753125234
4333,-0.22679174998771057
4334,-0.22737823235576254
4335,-0.15031207146107764
4336,0.2625411920803526
4337,0.08712209642178496
4338,0.056834615483451756
4339,0.07417620862887922
4340,-0.24980038435546534
4341,-0.24974541042163936
4342,0.1515448466207974
4343,-0.17833126087871284
4344,-0.16080658446876553
4345,-0.16092310146332725
4346,-0.1276173409442965
4347,-0.11024717611217894
4348,0.12765952064430433
4349,0.1165673158893821
4350,-0.03694646762465257
4351,0.2624588571496934
4352,-0.16749040550048405
4353,-0.2669688439165304
4354,-0.22202693844897767
4355,-0.33544334003735354
4356,0.07511395001994928
4357,-0.16905499930089168
4358,-0.1290479389525106
4359,-0.15231125872133522
4360,-0.0818564176478309
4361,0.03471221174609819
4362,-0.09557903646752697
4363,0.018199244511155656
4364,0.2461570324864361
4365,0.11080177509242366
4366,0.07498500188158376
4367,0.054136811977191474
4368,-0.11181155903243586
4369,-0.05534327628855469
4370,-0.016825194254949355
4371,0.13671454366615837
4372,0.30260637427802795
4373,0.06035576171654893
4374,0.20873339051392997
4375,0.22761542538157656
4376,-0.01835445322094661
4377,-0.09730496616880355
4378,0.11581228736270384
4379,0.20096080878597752
4380,0.06990588382456553
4381,0.07612527327827842
4382,0.09908816757452657
4383,-0.007652254872478499
4384,0.34300081637584334
4385,-0.006506449353644243
4386,0.0025699465807882092
4387,-0.0046205895148254735
4388,0.0029123295266146993
4389,-0.9511015926490571
4390,-0.8302611226596212
4391,-0.8374250078023534
4392,-0.7930955545150872
4393,-0.8627691812989655
4394,-1.0959438476124936
4395,-1.2599529669910432
4396,-0.7490084849479418
4397,-0.6614112798575277
4398,-0.9978228494229083
4399,-0.7725346460729713
4400,-0.8601053888484839
4401,-0.7208376015393779
4402,-1.0624041661802253
4403,-1.8982632872509722
4404,-1.9813120882492872
4405,-1.9421740052385652
4406,-2.095535423883695
4407,-1.8325452234676156
4408,-1.7846678950846284
4409,-1.8894958491822584
4410,-1.3325038293763833
4411,-1.5675761606377796
4412,-1.34691243540286
4413,-1.6815188847169817
4414,-1.1719470713974258
4415,-1.3797241815699492
4416,-1.3379558981255182
4417,-1.0727632000424492
4418,-1.1622758929282013
4419,-1.2183857443769088
4420,-1.2804253945666915
4421,-1.165501771944816
4422,-1.128589404091801
4423,-1.227813120265591
4424,-2.4864038699546622
4425,-2.1159693370925394
4426,-2.3715070785356236
4427,-2.528185359979921
4428,-2.3509021227921236
4429,-2.366740841811277
4430,-2.632577947945365
4431,0.35554179006972997
4432,0.22006416888304967
4433,-0.11530868893855496
4434,0.23852246708344707
4435,0.20248153461556417
4436,-0.07105040373612924
4437,0.092294105926902
4438,0.41495083815251943
4439,0.4342698406964203
4440,0.2964578469261961
4441,0.10827498470927394
4442,-0.025352616491015605
4443,0.006831622224492737
4444,0.15417261409597782
4445,-0.052749555168746735
4446,0.11569973781158342
4447,0.2505778675324537
4448,0.005339883442159621
4449,-0.14963014301989694
4450,0.12308326175537407
4451,-0.15365219265325292
4452,-0.6306668578712127
4453,-0.5969657497828079
4454,-0.6017363773927359
4455,-0.6312459664294003
4456,-0.5942951671474112
4457,-0.615525501786709
4458,-0.775545621258343
4459,-0.7671593379145741
4460,-0.5411932590649305
4461,-0.6545302756325914
4462,-0.812606535457995
4463,-0.9553597259428067
4464,-0.6843539025360507
4465,-0.7864218179917115
4466,-1.996053245336431
4467,-2.2282791001075357
4468,-2.1048138000049135
4469,-2.0821836454500744
4470,-2.506135732797893
4471,-2.14076171110849
4472,-2.3332224421785575
4473,-3.8374021686891884
4474,-3.761223932317073
4475,-3.8123187245218886
4476,-3.7621629601004676
4477,-3.8743520673154106
4478,-3.9061689257328442
4479,-3.7256109137690627
4480,-2.270897083440814
4481,-2.2897152166795007
4482,-2.3353345530443055
4483,-2.3934168837809953
4484,-2.2445069058364857
4485,-2.213366377935939
4486,-2.1381504455730975
4487,-2.448332961304718
4488,-2.27685134761146
4489,-2.37938781166131
4490,-2.3461177733816543
4491,-2.430710633351049
4492,-2.2339391029441105
4493,-2.242423600784918
4494,-4.315493501017961
4495,-4.347209300366284
4496,-4.359496781610598
4497,-4.385315409993176
4498,-4.263900657422629
4499,-4.360361094775303
4500,-4.1400347746160095
4501,-4.293511878718572
4502,-4.328171046356312
4503,-4.149059990958839
4504,-4.16453161285267
4505,-3.8121119062649345
4506,-3.8368130513223284
4507,-3.820554623356661
4508,-3.7838591663901737
4509,-3.817590423753587
4510,-3.781515668307889
4511,-3.829859201655044
4512,-3.8035820364606003
4513,-3.758914172956459
4514,-3.7993854146495796
4515,-3.6765113121522166
4516,-1.7345427112573524
4517,-1.7111177707543448
4518,-1.7280953605345275
4519,-1.7515740053197504
4520,-1.7238439076304797
4521,-1.7546169942364105
4522,-1.5975533572474612
4523,-1.6286384965475122
4524,-1.6429359260113072
4525,-5.437390453554402
4526,-5.501076828109668
4527,-5.478471987369137
4528,-5.529883303241688
4529,-5.488268859087684
4530,-5.492895445099813
4531,-5.308385619713146
4532,-5.515193929069025
4533,-5.5360893341543855
4534,-5.382926082781305
4535,-5.393733938776434
4536,-4.61512051684126
4537,-4.61512051684126
4538,-4.61512051684126
4539,-4.61512051684126
4540,-4.61512051684126
4541,-4.61512051684126
4542,-4.61512051684126
4543,-4.61512051684126
4544,-4.61512051684126
4545,-4.61512051684126
4546,-4.61512051684126
4547,-4.61512051684126
4548,-4.61512051684126
4549,-4.61512051684126
4550,-4.61512051684126
4551,-4.61512051684126
4552,-4.61512051684126
4553,-4.61512051684126
4554,-4.61512051684126
4555,-4.61512051684126
4556,-4.61512051684126
4557,-4.61512051684126
4558,-4.61512051684126
4559,-4.61512051684126
4560,-4.61512051684126
4561,-4.61512051684126
4562,-4.61512051684126
4563,-2.5116023512292274
4564,-2.6679339480142863
4565,-2.617958937283992
4566,-2.5381962049772175
4567,-2.548276997798577
4568,-2.4945035299178318
4569,-2.478709285490287
4570,-2.536139427735449
4571,-2.4406829618600185
4572,-2.081122409723456
4573,-2.024634271870972
4574,-1.8717465321250655
4575,-2.0392099331843574
4576,-2.254862672896861
4577,-2.087030710793593
4578,-2.007256321737771
4579,-1.9802399166575568
4580,-2.0295946086301146
4581,-1.0334791761911033
4582,-1.1123767911311628
4583,-0.9656843443612437
4584,-0.9680147224926023
4585,-0.9954641618296355
4586,-0.9854733665438996
4587,-0.9314912928433793
4588,-1.0279884799076477
4589,-0.9352229677200591
4590,-2.774278352288734
4591,-2.537478515319833
4592,-2.906634416307859
4593,-2.8100215820696035
4594,-2.6839925518560603
4595,-2.830956340905003
4596,-2.7339648167783115
4597,-2.729727685764899
4598,-2.686502349853443
4599,-2.2022318437374215
4600,-2.516872828009714
4601,-2.3925735715961434
4602,-2.418553612113352
4603,-2.287623077905
4604,-2.2215169956708785
4605,-2.2382373648115674
4606,-2.110326334399683
4607,-2.2199498236208015
4608,-0.9809403200990878
4609,-1.0467484339139643
4610,-1.023294203323533
4611,-1.0393234829168836
4612,-1.0073134640150745
4613,-1.1197654909300174
4614,-1.029535865008696
4615,-0.9734029020369169
4616,-0.9918617277210696
4617,-0.9114821117908728
4618,-0.8666354112313917
4619,-0.8210636231890314
4620,-0.8776852011614492
4621,-0.9039879218311995
4622,-0.9596281148381777
4623,-0.9371996450003544
4624,-1.0517409109975544
4625,-1.0530588844525812
4626,-0.7326854305953355
4627,-0.7430794665692833
4628,-0.6072675644403721
4629,-0.7576437316962858
4630,-0.7205249417132703
4631,-0.683647233021639
4632,-0.6563691603126451
4633,-0.8577097709774214
4634,-0.8114711211297275
4635,-0.16207414418263932
4636,-0.162153009247494
4637,-0.31672417844288847
4638,-0.1324104356837825
4639,-0.133425976254127
4640,-0.23531643650834713
4641,-0.20786573249715717
4642,-0.28623758399795945
4643,-0.15040499771185648
4644,-4.61512051684126
4645,-4.61512051684126
4646,-4.61512051684126
4647,-4.61512051684126
4648,-4.61512051684126
4649,-4.61512051684126
4650,-4.61512051684126
4651,-4.61512051684126
4652,-4.61512051684126
4653,-4.61512051684126
4654,-4.61512051684126
4655,-4.61512051684126
4656,-4.61512051684126
4657,-4.61512051684126
4658,-4.61512051684126
4659,-4.61512051684126
4660,-4.61512051684126
4661,-4.61512051684126
4662,-4.61512051684126
4663,-4.61512051684126
4664,-4.61512051684126
4665,-4.61512051684126
4666,-4.61512051684126
4667,-4.61512051684126
4668,-4.61512051684126
4669,-4.61512051684126
4670,-4.61512051684126
4671,-4.61512051684126
4672,-4.61512051684126
4673,-4.61512051684126
4674,-4.61512051684126
4675,-4.61512051684126
4676,-4.61512051684126
