,diff rewr-orig
0,0.04507327079772949
1,0.04466652870178223
2,0.047213077545166016
3,0.046608686447143555
4,0.04537844657897949
5,0.04721331596374512
6,0.044968605041503906
7,0.04457235336303711
8,0.04503655433654785
9,0.30559587478637695
10,0.28905653953552246
11,0.3058598041534424
12,0.3124411106109619
13,0.3024628162384033
14,0.30512118339538574
15,0.08066511154174805
16,0.08081603050231934
17,0.08373689651489258
18,0.30138683319091797
19,0.3003661632537842
20,0.28464722633361816
21,0.29996252059936523
22,0.2912137508392334
23,0.2889137268066406
24,0.2859508991241455
25,0.28847694396972656
26,0.3010742664337158
27,0.05409669876098633
28,0.055985212326049805
29,0.05219268798828125
30,0.05302858352661133
31,0.04926705360412598
32,0.0509037971496582
33,0.053281307220458984
34,0.051943063735961914
35,0.05105185508728027
36,0.0564119815826416
37,0.05439925193786621
38,0.05354785919189453
39,0.05418705940246582
40,0.05482339859008789
41,0.054145097732543945
42,0.044883012771606445
43,0.04649996757507324
44,0.044722795486450195
45,0.21035313606262207
46,0.18769526481628418
47,0.21437406539916992
48,0.19376420974731445
49,0.22010326385498047
50,0.20890545845031738
51,0.21587467193603516
52,0.21623563766479492
53,0.2089834213256836
54,0.19086456298828125
55,0.1744976043701172
56,0.17957019805908203
57,0.17725539207458496
58,0.17600655555725098
59,0.18813800811767578
60,0.181168794631958
61,0.19759440422058105
62,0.19093561172485352
63,0.12839126586914062
64,0.12973570823669434
65,0.12941980361938477
66,0.12118792533874512
67,0.12147259712219238
68,0.11996841430664062
69,0.1242225170135498
70,0.12232613563537598
71,0.12306070327758789
72,0.19054102897644043
73,0.19305849075317383
74,0.19433069229125977
75,0.1938612461090088
76,0.19388723373413086
77,0.19174933433532715
78,0.19325590133666992
79,0.19397807121276855
80,0.19308829307556152
81,0.2824394702911377
82,0.2847273349761963
83,0.282421350479126
84,0.2657463550567627
85,0.29555630683898926
86,0.2908649444580078
87,0.041880130767822266
88,0.04403042793273926
89,0.04082512855529785
90,0.20945525169372559
91,0.2190108299255371
92,0.21156835556030273
93,0.22394561767578125
94,0.2238004207611084
95,0.22501850128173828
96,0.21138811111450195
97,0.21179485321044922
98,0.21858668327331543
99,0.137406587600708
100,0.13114452362060547
101,0.13174915313720703
102,0.1387193202972412
103,0.125654935836792
104,0.13579082489013672
105,0.036750078201293945
106,0.03690314292907715
107,0.03895998001098633
108,0.304394006729126
109,0.30551719665527344
110,0.34956908226013184
111,0.3001258373260498
112,0.3246462345123291
113,0.3037109375
114,0.30127549171447754
115,0.2722921371459961
116,0.29083800315856934
117,-0.04571223258972168
118,-0.039633989334106445
119,-0.04140305519104004
120,-0.04071760177612305
121,-0.04072117805480957
122,-0.052620649337768555
123,-0.04232001304626465
124,-0.04385995864868164
125,-0.04271411895751953
126,0.19666790962219238
127,0.19547247886657715
128,0.207716703414917
129,0.16179347038269043
130,0.17917275428771973
131,0.16855716705322266
132,0.1147468090057373
133,0.10879182815551758
134,0.1151571273803711
135,0.2618722915649414
136,0.26593589782714844
137,0.26676106452941895
138,0.1740860939025879
139,0.17221379280090332
140,0.1760876178741455
141,0.2599022388458252
142,0.2647819519042969
143,0.26766157150268555
144,0.15610575675964355
145,0.15743279457092285
146,0.1403179168701172
147,0.13927698135375977
148,0.15994000434875488
149,0.15349483489990234
150,0.14390325546264648
151,0.13783574104309082
152,0.11981201171875
153,0.3024466037750244
154,0.3009786605834961
155,0.311856746673584
156,0.29616641998291016
157,0.27915096282958984
158,0.2981445789337158
159,0.30715513229370117
160,0.29097938537597656
161,0.3085315227508545
162,0.1512312889099121
163,0.15855908393859863
164,0.14812684059143066
165,0.20138144493103027
166,0.21654391288757324
167,0.18829941749572754
168,0.019234895706176758
169,0.020802021026611328
170,0.018368005752563477
171,0.11169981956481934
172,0.11057829856872559
173,0.1075906753540039
174,0.11737322807312012
175,0.11290478706359863
176,0.11419963836669922
177,0.08583569526672363
178,0.08678865432739258
179,0.08522963523864746
180,0.1534428596496582
181,0.153428316116333
182,0.15135598182678223
183,0.1495511531829834
184,0.14803600311279297
185,0.14806318283081055
186,0.15220904350280762
187,0.15346574783325195
188,0.15211796760559082
189,0.2208726406097412
190,0.22989892959594727
191,0.2172105312347412
192,0.1311042308807373
193,0.1326286792755127
194,0.13042235374450684
195,0.1096189022064209
196,0.1083669662475586
197,0.10698723793029785
198,0.188981294631958
199,0.1845557689666748
200,0.18372726440429688
201,0.1898972988128662
202,0.18437600135803223
203,0.18358874320983887
204,0.12941956520080566
205,0.12812352180480957
206,0.1335761547088623
207,0.09289693832397461
208,0.09216856956481934
209,0.093048095703125
210,0.09080123901367188
211,0.09029054641723633
212,0.08988094329833984
213,0.0830545425415039
214,0.03670382499694824
215,0.3176600933074951
216,0.3231213092803955
217,0.32115983963012695
218,0.3182806968688965
219,0.32483673095703125
220,0.3166961669921875
221,0.3311285972595215
222,0.3062911033630371
223,0.3190305233001709
224,-0.16150784492492676
225,-0.16085362434387207
226,-0.17522692680358887
227,-0.17724204063415527
228,-0.16298627853393555
229,-0.16464757919311523
230,-0.16633939743041992
231,-0.17187237739562988
232,-0.1679399013519287
233,0.3483853340148926
234,0.33722710609436035
235,0.3142242431640625
236,0.041852474212646484
237,0.04078507423400879
238,0.040891170501708984
239,0.3341684341430664
240,0.3349037170410156
241,0.3495795726776123
242,0.1765751838684082
243,0.17178893089294434
244,0.1688096523284912
245,0.1537940502166748
246,0.15526056289672852
247,0.16378211975097656
248,0.12415742874145508
249,0.12182784080505371
250,0.12890982627868652
251,0.3067433834075928
252,0.30426907539367676
253,0.31558704376220703
254,0.2630460262298584
255,0.2703728675842285
256,0.26090455055236816
257,0.3218224048614502
258,0.30873560905456543
259,0.3155863285064697
260,0.25855374336242676
261,0.2602825164794922
262,0.26804113388061523
263,0.11820602416992188
264,0.11948251724243164
265,0.1212015151977539
266,0.13903474807739258
267,0.14133334159851074
268,0.13987207412719727
269,0.43632030487060547
270,0.4452354907989502
271,0.4259490966796875
272,0.4799842834472656
273,0.47499513626098633
274,0.4798007011413574
275,0.08579349517822266
276,0.08536672592163086
277,0.08574151992797852
278,0.20189309120178223
279,0.18744707107543945
280,0.2070446014404297
281,0.1855638027191162
282,0.19364118576049805
283,0.18898582458496094
284,0.21184158325195312
285,0.17206430435180664
286,0.20936226844787598
287,0.1708848476409912
288,0.17294883728027344
289,0.17688870429992676
290,0.17237448692321777
291,0.17648673057556152
292,0.1683969497680664
293,0.1590414047241211
294,0.15361261367797852
295,0.15697741508483887
296,0.414074182510376
297,0.41208696365356445
298,0.41542720794677734
299,0.23087048530578613
300,0.2360999584197998
301,0.22157001495361328
302,0.4024498462677002
303,0.40089845657348633
304,0.40169811248779297
305,0.4011561870574951
306,0.4098966121673584
307,0.3965473175048828
308,0.3930957317352295
309,0.39518237113952637
310,0.39316248893737793
311,0.17789340019226074
312,0.16870498657226562
313,0.17763209342956543
314,0.17042994499206543
315,0.17079520225524902
316,0.17061448097229004
317,0.1734619140625
318,0.176177978515625
319,0.17090821266174316
320,0.16990280151367188
321,0.17782831192016602
322,0.17800116539001465
323,0.1736464500427246
324,0.16684460639953613
325,0.1672813892364502
326,0.16565942764282227
327,0.17328715324401855
328,0.17461180686950684
329,0.046041011810302734
330,0.04554557800292969
331,0.04390978813171387
332,0.46633338928222656
333,0.4534482955932617
334,0.4574851989746094
335,0.4952561855316162
336,0.49087977409362793
337,0.4929981231689453
338,0.4606947898864746
339,0.46469879150390625
340,0.4673428535461426
341,0.5316345691680908
342,0.5298261642456055
343,0.5381166934967041
344,0.5461301803588867
345,0.5423362255096436
346,0.5517482757568359
347,0.18197274208068848
348,0.1867663860321045
349,0.186445951461792
350,0.362058162689209
351,0.3828012943267822
352,0.3464179039001465
353,0.3432738780975342
354,0.3456742763519287
355,0.3485746383666992
356,0.3486926555633545
357,0.386646032333374
358,0.357288122177124
359,0.08045578002929688
360,0.07035279273986816
361,0.08096170425415039
362,0.4252171516418457
363,0.42327117919921875
364,0.4240145683288574
365,1.273144245147705
366,1.2769420146942139
367,1.2744865417480469
368,0.4383721351623535
369,0.421433687210083
370,0.42587733268737793
371,0.4197242259979248
372,0.4065895080566406
373,0.41655540466308594
374,0.03419327735900879
375,0.034116506576538086
376,0.03141617774963379
377,0.41728949546813965
378,0.41112375259399414
379,0.41248202323913574
380,0.41653943061828613
381,0.4137232303619385
382,0.4287741184234619
383,0.40959668159484863
384,0.4226255416870117
385,0.41133928298950195
386,0.38649582862854004
387,0.3896141052246094
388,0.3856983184814453
389,0.4018831253051758
390,0.433168888092041
391,0.4150114059448242
392,0.4262375831604004
393,0.430621862411499
394,0.4357130527496338
395,0.3995356559753418
396,0.39908885955810547
397,0.4081554412841797
398,0.17245745658874512
399,0.18757843971252441
400,0.1691906452178955
401,0.08996248245239258
402,0.08988142013549805
403,0.09032821655273438
404,0.1322183609008789
405,0.15242528915405273
406,0.1376047134399414
407,0.37320733070373535
408,0.36006712913513184
409,0.3803267478942871
410,0.2477262020111084
411,0.2488086223602295
412,0.2540152072906494
413,0.2395942211151123
414,0.2530970573425293
415,0.23749780654907227
416,0.473116397857666
417,0.46717238426208496
418,0.46649622917175293
419,0.4936082363128662
420,0.4858534336090088
421,0.47055768966674805
422,0.4724745750427246
423,0.45478248596191406
424,0.4677917957305908
425,-0.557032585144043
426,-0.5487210750579834
427,-0.5444900989532471
428,-0.5191419124603271
429,-0.5205528736114502
430,-0.5327632427215576
431,-0.5488810539245605
432,-0.5490303039550781
433,-0.5481693744659424
434,0.20321273803710938
435,0.20235085487365723
436,0.20082473754882812
437,0.20871949195861816
438,0.20070695877075195
439,0.19816827774047852
440,0.04176068305969238
441,0.04260587692260742
442,0.0411686897277832
443,0.2637765407562256
444,0.26027798652648926
445,0.2765018939971924
446,0.23630714416503906
447,0.22339749336242676
448,0.2545931339263916
449,0.25269436836242676
450,0.23730802536010742
451,0.25045013427734375
452,0.2532191276550293
453,0.25313735008239746
454,0.25275087356567383
455,0.23637914657592773
456,0.23672795295715332
457,0.24194121360778809
458,0.25500988960266113
459,0.2603640556335449
460,0.2608327865600586
461,0.43310546875
462,0.4308664798736572
463,0.3946418762207031
464,0.426267147064209
465,0.3968393802642822
466,0.4207274913787842
467,0.4012923240661621
468,0.3928670883178711
469,0.39641761779785156
470,0.4409499168395996
471,0.4353032112121582
472,0.4454526901245117
473,0.21185898780822754
474,0.21413588523864746
475,0.21224188804626465
476,0.4432382583618164
477,0.4505119323730469
478,0.44449567794799805
479,0.1526474952697754
480,0.166672945022583
481,0.17166543006896973
482,0.14930987358093262
483,0.17055535316467285
484,0.15679574012756348
485,0.11072874069213867
486,0.12082362174987793
487,0.10021638870239258
488,0.20879292488098145
489,0.2223367691040039
490,0.2111191749572754
491,0.023677587509155273
492,-0.003179311752319336
493,-0.017876625061035156
494,0.14550471305847168
495,0.14804887771606445
496,0.15322256088256836
497,0.22142672538757324
498,0.2119312286376953
499,0.21074581146240234
500,0.2154848575592041
501,0.2180194854736328
502,0.21101045608520508
503,0.010367155075073242
504,0.010490179061889648
505,0.009951353073120117
506,0.31184911727905273
507,0.3193027973175049
508,0.3324460983276367
509,0.321779727935791
510,0.34796977043151855
511,0.3369910717010498
512,0.06312036514282227
513,0.06429314613342285
514,0.06287741661071777
515,0.5635929107666016
516,0.5758512020111084
517,0.5652694702148438
518,0.19951796531677246
519,0.2036294937133789
520,0.20185542106628418
521,0.5794084072113037
522,0.5959618091583252
523,0.5823912620544434
524,0.11634635925292969
525,0.10328507423400879
526,0.12468624114990234
527,0.14610648155212402
528,0.17035818099975586
529,0.1620171070098877
530,0.10120773315429688
531,0.11955618858337402
532,0.1124885082244873
533,0.48653626441955566
534,0.492112398147583
535,0.46783995628356934
536,0.4727516174316406
537,0.48231935501098633
538,0.47822999954223633
539,0.07974815368652344
540,0.07778811454772949
541,0.0773935317993164
542,0.22955060005187988
543,0.22617816925048828
544,0.23695135116577148
545,0.24572300910949707
546,0.2513420581817627
547,0.23644399642944336
548,0.36606621742248535
549,0.36613941192626953
550,0.3564164638519287
551,0.1699352264404297
552,0.1647806167602539
553,0.16313791275024414
554,-0.09245896339416504
555,-0.07386493682861328
556,-0.10674762725830078
557,-0.006554365158081055
558,-0.013469457626342773
559,-0.008307695388793945
560,0.19811391830444336
561,0.19263744354248047
562,0.19744515419006348
563,0.11723208427429199
564,0.11649584770202637
565,0.11777734756469727
566,0.2076258659362793
567,0.19582104682922363
568,0.1997382640838623
569,0.14246129989624023
570,0.14104175567626953
571,0.13983774185180664
572,0.006506919860839844
573,0.005334615707397461
574,0.005136966705322266
575,0.09414982795715332
576,0.09460091590881348
577,0.09396648406982422
578,0.22465944290161133
579,0.2262415885925293
580,0.2224903106689453
581,0.33011579513549805
582,0.33203887939453125
583,0.3319430351257324
584,0.30551838874816895
585,0.2961921691894531
586,0.30608677864074707
587,0.18131566047668457
588,0.17920899391174316
589,0.18555450439453125
590,0.16530776023864746
591,0.17780494689941406
592,0.17940545082092285
593,0.15075945854187012
594,0.13515925407409668
595,0.1680307388305664
596,0.20702648162841797
597,0.20682644844055176
598,0.21168780326843262
599,0.2107539176940918
600,0.21036171913146973
601,0.21366095542907715
602,0.20687413215637207
603,0.21750760078430176
604,0.2054157257080078
605,0.10237860679626465
606,0.014515399932861328
607,0.10334563255310059
608,0.1850137710571289
609,0.17937207221984863
610,0.17528390884399414
611,0.176649808883667
612,0.1769239902496338
613,0.1791839599609375
614,0.16217780113220215
615,0.1579132080078125
616,0.17241859436035156
617,0.1260225772857666
618,0.12161397933959961
619,0.1239938735961914
620,0.08691883087158203
621,0.07957077026367188
622,0.09413313865661621
623,0.0952308177947998
624,0.10001373291015625
625,0.0959162712097168
626,0.29982471466064453
627,0.3074352741241455
628,0.32850074768066406
629,0.44856834411621094
630,0.46237921714782715
631,0.44823789596557617
632,0.3951270580291748
633,0.4092438220977783
634,0.4192228317260742
635,0.41053295135498047
636,0.4322028160095215
637,0.40457892417907715
638,0.3296959400177002
639,0.32166624069213867
640,0.3876194953918457
641,0.42951107025146484
642,0.4361286163330078
643,0.43430089950561523
644,0.19782757759094238
645,0.20562291145324707
646,0.2066481113433838
647,0.15441393852233887
648,0.15491724014282227
649,0.15602731704711914
650,0.20547223091125488
651,0.19103384017944336
652,0.2011110782623291
653,0.31978893280029297
654,0.30761146545410156
655,0.3144805431365967
656,0.3012375831604004
657,0.338608980178833
658,0.318587064743042
659,0.32404565811157227
660,0.3432292938232422
661,0.3608546257019043
662,0.05541276931762695
663,0.02564859390258789
664,0.005694389343261719
665,0.1954805850982666
666,0.2076129913330078
667,0.21196579933166504
668,0.19798660278320312
669,0.1899862289428711
670,0.1927173137664795
671,0.15639925003051758
672,0.15848994255065918
673,0.15744376182556152
674,0.15008759498596191
675,0.1562502384185791
676,0.14820027351379395
677,0.211029052734375
678,0.1945791244506836
679,0.2066667079925537
680,0.15554213523864746
681,0.16180133819580078
682,0.1604931354522705
683,0.18304967880249023
684,0.17767572402954102
685,0.18007564544677734
686,0.08130574226379395
687,0.08060717582702637
688,0.0806272029876709
689,0.12632060050964355
690,0.13211584091186523
691,0.13151884078979492
692,0.27867794036865234
693,0.27657389640808105
694,0.2864687442779541
695,0.2789320945739746
696,0.2723972797393799
697,0.26729297637939453
698,0.2827003002166748
699,0.2752401828765869
700,0.2699849605560303
701,0.449770450592041
702,0.45255136489868164
703,0.4386270046234131
704,0.4335606098175049
705,0.4493875503540039
706,0.43790721893310547
707,0.17229652404785156
708,0.17328977584838867
709,0.1703939437866211
710,0.15021181106567383
711,0.1405489444732666
712,0.15090346336364746
713,0.0626220703125
714,0.06121659278869629
715,0.06190776824951172
716,0.14354991912841797
717,0.1539764404296875
718,0.15537142753601074
719,0.23474526405334473
720,0.2393651008605957
721,0.2097477912902832
722,0.22800636291503906
723,0.23209357261657715
724,0.22039246559143066
725,0.24055123329162598
726,0.23046302795410156
727,0.2352149486541748
728,0.11017084121704102
729,0.09300732612609863
730,0.09129118919372559
731,0.1866283416748047
732,0.19068026542663574
733,0.19388222694396973
734,0.07668805122375488
735,0.08219122886657715
736,0.08156394958496094
737,0.25843381881713867
738,0.2567732334136963
739,0.2640190124511719
740,0.16473126411437988
741,0.1646881103515625
742,0.16457223892211914
743,0.25765419006347656
744,0.26479673385620117
745,0.24687910079956055
746,0.1207115650177002
747,0.12294435501098633
748,0.11260128021240234
749,0.10692119598388672
750,0.09241414070129395
751,0.11557769775390625
752,0.03386187553405762
753,0.032700300216674805
754,0.03425002098083496
755,0.3353307247161865
756,0.2981910705566406
757,0.27489733695983887
758,0.1915264129638672
759,0.1728348731994629
760,0.16376256942749023
761,0.32241082191467285
762,0.3209524154663086
763,0.3136463165283203
764,-0.5378396511077881
765,-0.5366907119750977
766,-0.526935338973999
767,-0.5411045551300049
768,-0.5311727523803711
769,-0.5379667282104492
770,-0.08895635604858398
771,-0.07855105400085449
772,-0.08233380317687988
773,0.3653578758239746
774,0.33615803718566895
775,0.355999231338501
776,0.33998537063598633
777,0.3287343978881836
778,0.30722498893737793
779,0.4052693843841553
780,0.43216872215270996
781,0.4005117416381836
782,0.07947254180908203
783,0.09132742881774902
784,0.0812065601348877
785,0.043776512145996094
786,0.06432938575744629
787,0.052694082260131836
788,0.14661431312561035
789,0.15335941314697266
790,0.15378522872924805
791,0.15062403678894043
792,0.14717602729797363
793,0.14212918281555176
794,0.16239047050476074
795,0.15370416641235352
796,0.17058730125427246
797,0.07305407524108887
798,0.06821060180664062
799,0.0791158676147461
800,0.283611536026001
801,0.29378390312194824
802,0.2724297046661377
803,0.42858242988586426
804,0.4019935131072998
805,0.43157958984375
806,0.2826502323150635
807,0.30445218086242676
808,0.2697601318359375
809,0.21325349807739258
810,0.19272398948669434
811,0.19097113609313965
812,0.21106839179992676
813,0.21169209480285645
814,0.2114243507385254
815,0.006875753402709961
816,0.0062100887298583984
817,0.005382537841796875
818,0.34974122047424316
819,0.34020233154296875
820,0.33816027641296387
821,0.7752306461334229
822,0.5006170272827148
823,0.4576997756958008
824,0.242966890335083
825,0.24746179580688477
826,0.24337267875671387
827,0.6770923137664795
828,0.6503162384033203
829,0.6526889801025391
830,0.662208080291748
831,0.6620488166809082
832,0.6491622924804688
833,0.2647843360900879
834,0.2957644462585449
835,0.2980639934539795
836,0.13702082633972168
837,0.21521854400634766
838,0.15616130828857422
839,0.27041125297546387
840,0.27622127532958984
841,0.24596047401428223
842,0.20367217063903809
843,0.196547269821167
844,0.1786973476409912
845,0.18334460258483887
846,0.09462404251098633
847,0.14319872856140137
848,0.24531149864196777
849,0.24489212036132812
850,0.23925232887268066
851,-0.14914774894714355
852,-0.18409156799316406
853,-0.149245023727417
854,-0.14694762229919434
855,-0.15683507919311523
856,-0.09380984306335449
857,-0.1279611587524414
858,-0.09953737258911133
859,-0.09687376022338867
860,0.039307355880737305
861,0.008913993835449219
862,-0.048589229583740234
863,-0.029270648956298828
864,-0.04778909683227539
865,0.09494137763977051
866,0.09605121612548828
867,0.09411334991455078
868,-0.2697916030883789
869,-0.1107170581817627
870,-0.22374820709228516
871,0.1730806827545166
872,0.018205881118774414
873,0.036771297454833984
874,-5.340576171875e-05
875,-0.05776500701904297
876,0.02923297882080078
877,0.1402590274810791
878,0.0980386734008789
879,0.13662052154541016
880,0.004039287567138672
881,0.021333694458007812
882,0.012594461441040039
883,0.008582115173339844
884,0.029060840606689453
885,0.016438961029052734
886,0.06920361518859863
887,0.04518294334411621
888,0.02662944793701172
889,0.20383119583129883
890,0.19838929176330566
891,0.18390440940856934
892,-0.06962037086486816
893,-0.10375452041625977
894,-0.07728338241577148
895,-0.1009225845336914
896,-0.11290335655212402
897,-0.09474301338195801
898,0.1628577709197998
899,0.16189146041870117
900,0.16721057891845703
901,-0.07990097999572754
902,-0.12827587127685547
903,-0.07179617881774902
904,-0.11484217643737793
905,-0.12250924110412598
906,-0.11583209037780762
907,0.04917573928833008
908,0.0671079158782959
909,0.06659173965454102
910,-3.810713529586792
911,-3.895245313644409
912,-3.8880996704101562
913,-3.9106602668762207
914,-3.890094518661499
915,-3.992814779281616
916,-0.4273388385772705
917,-0.42566537857055664
918,-0.43357372283935547
919,0.3476226329803467
920,0.3012392520904541
921,0.316814661026001
922,0.35898780822753906
923,0.3805558681488037
924,0.3669254779815674
925,0.42487359046936035
926,0.4169588088989258
927,0.4259793758392334
928,-0.11953282356262207
929,-0.13980579376220703
930,-0.14854788780212402
931,-0.8980712890625
932,-0.8872795104980469
933,-0.9777331352233887
934,-0.23560738563537598
935,-0.39307475090026855
936,-0.40050411224365234
937,0.5031239986419678
938,0.5742428302764893
939,0.5151247978210449
940,0.526557445526123
941,0.6303708553314209
942,0.5226490497589111
943,-0.000324249267578125
944,-0.003513336181640625
945,-0.002984762191772461
946,0.5202066898345947
947,0.5254387855529785
948,0.5403633117675781
949,0.4694828987121582
950,0.45324063301086426
951,0.6201310157775879
952,0.0917959213256836
953,0.18956661224365234
954,0.1627190113067627
955,0.28415489196777344
956,0.3040497303009033
957,0.28797054290771484
958,-0.023637771606445312
959,-0.11759161949157715
960,-0.04252052307128906
961,0.17646098136901855
962,0.12932729721069336
963,0.14939212799072266
964,0.5957317352294922
965,0.24056458473205566
966,0.4490385055541992
967,0.0753638744354248
968,0.062226295471191406
969,0.07584238052368164
970,-0.47732019424438477
971,-0.4950897693634033
972,-0.5179777145385742
973,0.17496585845947266
974,0.19237995147705078
975,0.18280792236328125
976,-0.5125946998596191
977,-0.5792815685272217
978,-0.4808833599090576
979,0.1277918815612793
980,0.15960025787353516
981,-0.0239713191986084
982,0.08343052864074707
983,0.08376026153564453
984,0.08178400993347168
985,0.37777066230773926
986,0.3702385425567627
987,0.386915922164917
988,0.24479198455810547
989,0.25264525413513184
990,0.20911192893981934
991,0.22472238540649414
992,0.3078639507293701
993,0.21970200538635254
994,0.3062937259674072
995,0.29695773124694824
996,0.2936265468597412
997,0.20281481742858887
998,0.21119976043701172
999,0.11845016479492188
1003,-0.030717849731445312
1004,0.012848138809204102
1005,0.0026450157165527344
1006,0.04734516143798828
1007,-0.08614659309387207
1008,-0.10723996162414551
1009,0.05074262619018555
1010,0.05112504959106445
1011,0.05172872543334961
1012,-0.31003713607788086
1013,-0.43718910217285156
1014,-0.33031177520751953
1015,-0.9050428867340088
1016,-0.7961657047271729
1017,-0.7181344032287598
1018,-0.6699278354644775
1019,-0.802842378616333
1020,-0.9922456741333008
1021,0.008397102355957031
1022,0.0077800750732421875
1023,0.008392810821533203
1024,0.1340320110321045
1025,0.2529582977294922
1026,-0.1303572654724121
1027,0.17252349853515625
1028,0.3300900459289551
1029,1.1277961730957031
1030,-0.2645144462585449
1031,-0.5695817470550537
1032,-0.5733866691589355
1033,-1.56618070602417
1034,-1.5509939193725586
1035,-1.3371155261993408
1036,0.17356061935424805
1037,0.16251778602600098
1038,0.16799163818359375
1039,-1.279400110244751
1040,-0.9438381195068359
1041,-1.50492525100708
1042,-0.6477971076965332
1043,-0.8613142967224121
1044,-0.751751184463501
1045,0.1784672737121582
1046,0.1750199794769287
1047,0.17537426948547363
1048,-0.7069942951202393
1049,-0.48572397232055664
1050,-1.0179798603057861
1051,-1.0312163829803467
1052,-1.9128892421722412
1053,-1.9848988056182861
1054,0.03741645812988281
1055,0.03568291664123535
1056,0.03903365135192871
1057,-2.52361798286438
1058,-1.901818037033081
1059,-1.6383447647094727
1060,0.15296125411987305
1061,-0.27367711067199707
1062,-0.377943754196167
1063,-0.9607932567596436
1064,-1.2627005577087402
1065,-0.9208076000213623
1066,0.44504714012145996
1067,0.4313817024230957
1068,0.42952775955200195
1069,-2.3847484588623047
1070,-2.7608237266540527
1071,-2.696607828140259
1072,-0.07312822341918945
1073,-0.07829666137695312
1074,-0.08081197738647461
1075,-0.26302504539489746
1076,-0.25515246391296387
1077,-0.23962950706481934
1078,-2.590738296508789
1079,-3.6401522159576416
1080,-2.778494358062744
1081,-3.076608896255493
1082,-3.0833208560943604
1083,-3.181166410446167
1084,-2.7408571243286133
1085,-2.962385892868042
1086,-2.377272844314575
1087,-0.43483829498291016
1088,0.2210073471069336
1089,0.12431883811950684
1090,-0.14458656311035156
1091,-0.11649274826049805
1092,-0.05519556999206543
1093,1.0071158409118652
1094,0.05113959312438965
1095,-0.30901622772216797
1096,0.9570944309234619
1097,1.1299066543579102
1098,0.8845729827880859
1099,0.09167671203613281
1100,0.09149670600891113
1101,0.08861589431762695
1102,1.1231293678283691
1103,1.4699063301086426
1104,1.389232873916626
1105,-2.5621225833892822
1106,-2.988665819168091
1107,-2.2027735710144043
1111,-0.13059091567993164
1112,-0.11090898513793945
1113,0.01657557487487793
1114,-3.353872299194336
1115,-2.2497386932373047
1116,-2.539260149002075
1117,-2.995638847351074
1118,-2.240821123123169
1119,-1.5781147480010986
1120,0.13445806503295898
1121,0.13406038284301758
1122,0.13740277290344238
1123,-3.984802484512329
1124,-4.397348642349243
1125,-2.536519765853882
1126,0.31786251068115234
1127,0.31902647018432617
1128,0.3544619083404541
1132,-9.89606499671936
1133,-8.223850011825562
1134,-9.156609296798706
1135,-3.664321184158325
1136,-3.7083051204681396
1137,-3.6468214988708496
1138,-9.05566668510437
1139,-8.376742124557495
1140,-9.437168836593628
1141,0.5308742523193359
1142,0.8407244682312012
1147,-0.04538536071777344
1148,-0.08281898498535156
1149,-0.08103108406066895
1156,1.1370420455932617
1157,0.9338936805725098
1158,1.0794141292572021
1162,-0.00010347366333007812
1163,-0.001651763916015625
1164,-0.0003848075866699219
1174,-0.13377809524536133
1175,-0.04020190238952637
1176,-0.03353428840637207
1180,0.04383134841918945
1181,0.04330325126647949
1182,0.04317140579223633
1183,0.010049819946289062
1184,0.00849604606628418
1185,0.009423494338989258
1189,-0.4409048557281494
1190,-0.45295214653015137
1191,-0.4637594223022461
1192,-1.3304495811462402
1193,-1.5511720180511475
1194,-1.3595197200775146
1198,0.10491442680358887
1199,0.11093497276306152
1200,0.10678339004516602
1201,-1.3350050449371338
1202,-1.0403382778167725
1203,-1.4646039009094238
1210,-0.9914662837982178
1211,-0.9541261196136475
1212,-1.1527817249298096
1225,0.21882319450378418
1226,0.21811985969543457
1227,0.22093892097473145
1249,0.16648554801940918
1250,0.19425153732299805
1251,0.19674205780029297
1252,0.28624629974365234
1253,-0.0883641242980957
1254,-0.23130035400390625
1264,2.556908130645752
1265,2.630934953689575
1266,2.7741596698760986
1384,1.523385763168335
1385,1.4958956241607666
1386,1.5128660202026367
1387,1.9386568069458008
1388,1.965245008468628
1389,1.9769823551177979
1390,1.9360976219177246
1391,1.924851655960083
1392,1.9302654266357422
1393,1.5139274597167969
1394,1.4844260215759277
1395,1.5188877582550049
1396,1.9840443134307861
1397,1.9290986061096191
1398,1.9514868259429932
1399,1.8722312450408936
1400,1.8345584869384766
1401,1.8063325881958008
1402,1.3351058959960938
1403,1.3390121459960938
1404,1.3474817276000977
1405,1.7821919918060303
1406,1.789262294769287
1407,1.831636667251587
1408,1.8024733066558838
1409,1.7863073348999023
1410,1.7929191589355469
1411,2.7301647663116455
1412,2.6223833560943604
1413,2.9631505012512207
1414,2.5702452659606934
1415,2.549365997314453
1416,2.5620648860931396
1417,2.65046763420105
1418,2.6709208488464355
1419,2.694138288497925
1420,0.026787757873535156
1421,0.030382871627807617
1422,0.02730250358581543
1423,0.028328895568847656
1424,0.02958393096923828
1425,0.028322696685791016
1426,2.0079784393310547
1427,1.9945170879364014
1428,2.0156688690185547
1429,1.2165164947509766
1430,1.1945304870605469
1431,1.1958858966827393
1432,1.4463591575622559
1433,1.433347225189209
1434,1.4516832828521729
1435,1.179569959640503
1436,1.1949880123138428
1437,1.177738904953003
1438,5.144415855407715
1439,5.137344121932983
1440,5.192101716995239
1441,5.338694334030151
1442,5.358357906341553
1443,5.472834825515747
1444,3.709367275238037
1445,3.7042860984802246
1446,3.688551187515259
1447,2.7978436946868896
1448,2.787153959274292
1449,2.7868824005126953
1450,2.6202664375305176
1451,2.4828743934631348
1452,2.4432590007781982
1453,2.6864612102508545
1454,2.692472457885742
1455,2.513601779937744
1456,1.300513744354248
1457,1.287477731704712
1458,1.323207139968872
1459,1.2849185466766357
1460,1.2842190265655518
1461,1.2881102561950684
1462,0.8842525482177734
1463,0.8838386535644531
1464,0.8991320133209229
1465,3.2881646156311035
1466,3.5221898555755615
1467,3.0838348865509033
1468,1.1623823642730713
1469,1.1578378677368164
1470,1.2985057830810547
1471,3.2852189540863037
1472,3.287020206451416
1473,3.4081404209136963
1474,32.058305978775024
1475,32.07338619232178
1476,32.73935413360596
1477,33.86810755729675
1478,33.611342430114746
1479,33.796833992004395
1480,37.05159139633179
1481,36.721367597579956
1482,36.83467364311218
1483,81.58091449737549
1484,82.2759940624237
1485,81.54743242263794
1486,78.39712810516357
1487,78.9113028049469
1488,78.92988085746765
1489,82.37749195098877
1490,80.99784326553345
1491,81.50516080856323
1492,55.52800226211548
1493,55.777040004730225
1494,55.7189257144928
1495,46.463932275772095
1496,46.96290445327759
1497,46.12336444854736
1498,53.44199204444885
1499,52.33336901664734
1500,53.49916052818298
1501,40.43792676925659
1502,40.430983781814575
1503,40.24791240692139
1504,40.48142743110657
1505,40.42556691169739
1506,40.39223551750183
1507,39.939512729644775
1508,40.14051389694214
1509,40.0624897480011
1510,0.4742000102996826
1511,0.4396851062774658
1512,0.4844520092010498
1513,0.38428735733032227
1514,0.3900163173675537
1515,0.43399715423583984
1516,0.4830176830291748
1517,0.4558722972869873
1518,0.4470639228820801
1522,5.2057719230651855
1523,5.2196784019470215
1524,5.213574171066284
1525,0.0372767448425293
1526,0.03296637535095215
1527,0.031569719314575195
1528,0.12603116035461426
1529,0.12595868110656738
1530,0.12648963928222656
1531,0.03165912628173828
1532,0.03226780891418457
1533,0.03222393989562988
1534,0.02040886878967285
1535,0.021074295043945312
1536,0.02089667320251465
1537,0.12649035453796387
1538,0.13035130500793457
1539,0.12476444244384766
1540,0.06802082061767578
1541,0.06465911865234375
1542,0.061219215393066406
1543,-0.7183566093444824
1544,-0.24848246574401855
1545,-0.2572212219238281
1546,0.012657642364501953
1547,-0.04152417182922363
1548,0.003908395767211914
1549,-0.1533203125
1550,-0.10187458992004395
1551,0.2610158920288086
1552,0.23144221305847168
1553,0.2271268367767334
1554,0.2235856056213379
1555,0.11075878143310547
1556,0.11794757843017578
1557,0.11192584037780762
1558,-0.11484360694885254
1559,-0.10923361778259277
1560,-0.11082959175109863
1561,0.0307769775390625
1562,0.030649662017822266
1563,0.028947830200195312
1564,0.09129786491394043
1565,0.0905764102935791
1566,0.08780360221862793
1567,0.05707740783691406
1568,0.0625457763671875
1569,0.05683541297912598
1570,0.16987156867980957
1571,0.15691351890563965
1572,0.1659221649169922
1573,0.05822396278381348
1574,0.056986093521118164
1575,0.05818343162536621
1576,0.08972048759460449
1577,0.09120011329650879
1578,0.08344244956970215
1579,0.06483316421508789
1580,0.05139279365539551
1581,0.05048632621765137
1582,0.052935123443603516
1583,0.05423474311828613
1584,0.05352520942687988
1585,0.15905022621154785
1586,0.1690967082977295
1587,0.16220712661743164
1588,0.12558650970458984
1589,0.1238248348236084
1590,0.12180447578430176
1591,0.20663809776306152
1592,0.1959853172302246
1593,0.22499918937683105
1594,-0.3076655864715576
1595,-0.8846309185028076
1596,-0.5852234363555908
1600,-0.022614240646362305
1601,-0.7301621437072754
1602,0.5626473426818848
1603,0.017220735549926758
1604,0.014940261840820312
1605,0.015381097793579102
1606,0.014268159866333008
1607,0.014279365539550781
1608,0.013615131378173828
1609,0.017081499099731445
1610,0.01754307746887207
1611,0.016840219497680664
1612,0.020344018936157227
1613,0.01932811737060547
1614,0.03226447105407715
1615,-6.556510925292969e-05
1616,0.007410764694213867
1617,0.011075735092163086
1618,0.015001773834228516
1619,0.0218045711517334
1620,0.0192720890045166
1621,0.5756983757019043
1622,0.5814976692199707
1623,0.5746335983276367
1624,0.5790970325469971
1625,0.588606595993042
1626,0.5817687511444092
1627,0.5889959335327148
1628,0.5746555328369141
1629,0.5824291706085205
1630,0.2774815559387207
1631,0.2804884910583496
1632,0.27512264251708984
1633,0.2865865230560303
1634,0.2875995635986328
1635,0.28997802734375
1636,0.3039517402648926
1637,0.3213207721710205
1638,0.31949925422668457
1639,0.7056174278259277
1640,0.681727409362793
1641,0.7086508274078369
1642,0.7057757377624512
1643,0.6851987838745117
1644,0.669219970703125
1645,0.9372501373291016
1646,0.8999924659729004
1647,0.8712270259857178
1648,0.8978517055511475
1649,0.9600918292999268
1650,0.9765434265136719
1651,0.9449489116668701
1652,0.9139842987060547
1653,0.9341866970062256
1654,1.1788156032562256
1655,1.23199462890625
1656,1.1481003761291504
1657,0.5934901237487793
1658,0.5910046100616455
1659,0.5818426609039307
1660,0.615462064743042
1661,0.582709789276123
1662,0.5577998161315918
1663,0.7661023139953613
1664,0.7217214107513428
1665,0.760155200958252
1666,0.38207101821899414
1667,0.4012923240661621
1668,0.39333105087280273
1669,0.42520833015441895
1670,0.4138526916503906
1671,0.4298100471496582
1672,0.5317754745483398
1673,0.426133394241333
1674,0.476001501083374
1678,-1.0961802005767822
1679,-1.4347867965698242
1680,-0.9262785911560059
1681,-1.127195119857788
1682,-1.1075990200042725
1683,-0.6262602806091309
1684,-1.8542346954345703
1685,-1.2838754653930664
1686,-2.6340436935424805
1687,-0.08833599090576172
1688,-2.430842876434326
1689,-0.7563533782958984
1690,-0.45508503913879395
1691,-0.34121060371398926
1692,-0.3469090461730957
1696,100.0
1697,100.0
1698,100.0
1699,100.0
1705,-0.8302652835845947
1706,-0.7183849811553955
1707,-0.6656081676483154
1708,0.8259296417236328
1709,0.5980119705200195
1710,0.6606485843658447
1711,0.6861827373504639
1712,0.7786033153533936
1713,0.692223310470581
1714,-1.2102208137512207
1715,-0.8101184368133545
1716,-1.20357346534729
1717,-0.41387152671813965
1718,-0.43902015686035156
1719,-0.596376895904541
1720,0.4457731246948242
1721,0.2935459613800049
1722,0.275986909866333
1723,0.1391465663909912
1724,0.17957448959350586
1725,0.11503076553344727
1726,0.35529589653015137
1727,0.3161799907684326
1728,0.32222747802734375
1729,0.23918724060058594
1730,0.07523369789123535
1731,0.07230877876281738
1741,0.028392076492309563
1742,0.012163877487182548
1743,0.1342706680297851
1744,0.03010153770446776
1745,0.010274887084960868
1746,0.02989840507507318
1747,0.03823709487915035
1748,0.009404897689819329
1749,0.025689840316772385
1750,0.04702377319335935
1751,0.04567313194274902
1752,0.07502317428588864
1753,0.03921175003051758
1754,0.06672525405883789
1755,0.06737351417541501
1756,0.09516763687133781
1757,0.04761767387390134
1758,0.0513887405395507
1759,0.17095255851745605
1760,0.05465507507324213
1761,0.03506731986999512
1762,0.039338827133178655
1763,0.01581883430480953
1764,0.0498244762420654
1765,0.08523797988891593
1766,0.1154835224151611
1767,0.117612600326538
1768,0.07546424865722651
1769,0.1387615203857421
1770,0.10437297821044919
1771,0.17823886871337888
1772,0.08459925651550293
1773,0.1661152839660644
1774,0.099377155303955
1775,0.1560826301574707
1776,0.16742658615112296
1777,0.10341548919677726
1778,0.1169872283935546
1779,0.11092615127563471
1780,0.10698604583740229
1781,0.060592651367187486
1782,0.16722202301025388
1783,0.03176140785217285
1784,0.032064199447631794
1785,0.03172349929809561
1786,0.018518686294555595
1787,0.03291559219360345
1788,0.03164505958557127
1789,0.032953262329101486
1790,0.017736196517944322
1791,0.0318827629089355
1792,0.0330832004547119
1793,0.03292393684387203
1794,0.01706027984619135
1795,0.0201020240783691
1796,0.016392469406127923
1797,0.027666330337524324
1798,0.02776932716369629
1799,0.04098343849182129
1800,0.019604682922363253
1801,0.021050930023193283
1802,0.0005266666412353203
1803,0.014980792999267516
1804,0.030009746551513658
1805,0.06459069252014155
1806,0.06610989570617669
1807,0.06188797950744625
1808,0.046996593475341755
1809,0.030656576156616183
1810,0.05475974082946773
1811,0.05618453025817868
1812,0.056896924972534166
1813,0.042617559432983385
1814,0.028856515884399372
1815,0.057197332382202065
1816,0.06261634826660156
1817,0.060105800628662054
1818,0.05113625526428223
1819,0.06733989715576164
1820,0.11270022392272949
1821,0.08972406387329093
1822,0.12030363082885737
1823,0.017094135284423807
1824,0.07714200019836424
1825,0.06953620910644527
1826,0.033171653747558594
1827,0.09121799468994138
1828,0.017609596252441358
1829,0.13015651702880857
1830,0.03229331970214837
1831,0.030843973159790025
1832,0.03169083595275875
1833,0.04025626182556148
1834,0.11523246765136716
1835,0.07479405403137204
1836,0.12274384498596186
1837,0.1026158332824707
1838,0.06562685966491694
1839,0.04082465171813965
1840,0.10540819168090818
1841,0.02798771858215332
1842,0.06267189979553218
1843,0.04825305938720702
1844,0.11878561973571772
1845,0.05240368843078605
1846,0.03870129585266113
1847,0.04766225814819336
1848,0.06548953056335445
1849,0.07499766349792479
1850,0.08015251159667967
1851,0.03152251243591302
1852,0.06588315963745113
1853,0.1747345924377441
1854,0.04524159431457511
1855,0.037485361099243164
1856,0.1687893867492675
1857,0.12209653854370109
1858,0.07955908775329587
1859,0.14073014259338373
1860,0.1043276786804199
1861,0.11409330368041987
1862,0.10136508941650382
1863,0.11130499839782707
1864,0.07763314247131346
1865,0.08264040946960448
1866,0.0688190460205078
1867,0.11540699005126948
1868,0.05647850036621087
1869,0.08392643928527829
1870,0.11569046974182123
1871,0.00643754005432126
1872,0.15542054176330566
1873,0.14394688606262201
1874,0.04534173011779776
1875,0.14629387855529785
1876,-0.32884097099304205
1877,-0.2943494319915772
1878,-0.31878542900085455
1879,-0.32152009010314947
1880,-0.2860085964202882
1881,-0.29471826553344727
1882,-0.29417085647583013
1883,-0.31492018699645996
1884,-0.31866908073425293
1885,-0.2894430160522461
1886,-0.2989330291748047
1887,-0.3181240558624268
1888,-0.3128104209899903
1889,-0.3187375068664552
1890,-0.30651164054870605
1891,0.001891613006591776
1892,0.08010840415954587
1893,0.05267763137817377
1894,0.0019230842590331476
1895,0.08079552650451652
1896,0.0534970760345459
1897,0.030248403549194273
1898,0.04537200927734375
1899,0.0012283325195311529
1900,0.19567203521728516
1901,0.18792557716369623
1902,0.1815481185913085
1903,0.04044699668884273
1904,0.06879186630249014
1905,0.23808550834655756
1906,0.2089385986328125
1907,0.21402502059936523
1908,0.10554385185241694
1909,0.08823633193969718
1910,0.1796307563781738
1911,0.130115270614624
1912,0.16384363174438468
1913,0.07630920410156249
1914,0.06972289085388175
1915,-6.872627258300781
1916,-6.659677505493164
1917,-6.576925277709961
1918,-6.890482664108276
1919,-6.7439634799957275
1920,-6.743817567825317
1921,-6.834858655929565
1922,-6.401835918426514
1923,-7.047339916229248
1924,-6.818958044052124
1925,-6.783940315246582
1926,-6.908085823059082
1927,-6.809605121612549
1928,-6.972818374633789
1929,-6.790458917617798
1930,0.048826456069946234
1931,0.06250429153442379
1932,0.11796832084655756
1933,0.03002786636352532
1934,-0.0002689361572265972
1935,0.04990124702453613
1936,0.05594420433044432
1937,0.035120248794555664
1938,0.005956411361694253
1939,0.06707572937011712
1940,0.07623815536499015
1941,0.07045269012451168
1942,0.01486325263977048
1943,0.01387190818786617
1944,0.10624599456787104
1945,0.12549734115600586
1946,0.12835311889648432
1947,0.12626457214355463
1948,0.015019416809081934
1949,0.10477495193481443
1950,0.015027046203613267
1951,0.1006550788879394
1952,0.014541387557983343
1953,0.0891757011413574
1954,0.02828502655029297
1955,0.09224462509155268
1956,0.0165469646453857
1957,0.01485896110534659
1958,0.004104137420654269
1959,0.10302162170410151
1960,0.06299972534179678
1961,0.09027194976806632
1962,0.027312994003295885
1963,0.16548037528991696
1964,0.08937907218933103
1965,0.1657190322875976
1966,0.061677455902099526
1967,0.030174255371093653
1968,0.14463591575622556
1969,0.14260196685791013
1970,0.147256851196289
1971,0.09846019744873041
1972,0.12721204757690427
1973,0.10561156272888181
1974,0.07299304008483884
1975,0.07470822334289551
1976,0.10907077789306632
1977,0.17032384872436518
1978,0.0636587142944336
1979,0.03447270393371575
1980,0.07492804527282712
1981,0.19577383995056147
1982,0.0499355792999267
1983,0.12330245971679679
1984,0.15881490707397455
1985,0.044842481613159096
1986,0.22750258445739746
1987,0.17019271850585938
1988,0.21088624000549316
1989,-0.026680946350097684
1990,0.10498380661010742
1991,0.00972080230712882
1992,0.009560346603393532
1993,0.35828113555908203
1994,0.012680053710937472
1995,0.21613574028015128
1996,0.050196886062622015
1997,0.011193990707397447
1998,0.1089723110198974
1999,0.0491919517517089
2000,0.022489309310913072
2001,0.057240247726440416
2002,0.10787463188171378
2003,0.047597646713256794
2004,0.05190825462341299
2005,0.04054784774780272
2006,0.047117948532104464
2007,0.038157463073730385
2008,0.031458377838134724
2009,0.05912542343139644
2010,0.060773372650146484
2011,0.047401428222656236
2012,0.048891305923461886
2013,0.13901090621948234
2014,0.007252216339111297
2015,0.00669193267822259
2016,0.01917529106140127
2017,0.037035703659057534
2018,0.032508611679077065
2019,0.039783716201782185
2020,0.033105850219726535
2021,0.02473306655883782
2022,0.06264686584472653
2023,0.07226467132568357
2024,0.019765853881835868
2025,0.049108743667602525
2026,0.08313274383544916
2027,0.06105661392211914
2028,0.040027379989623954
2029,0.03275704383850091
2030,0.053570985794067286
2031,0.014819145202636719
2032,0.036673545837402316
2033,0.21345090866088867
2034,0.008084535598754841
2035,0.1528098583221435
2036,0.21338963508605951
2037,0.003026008605956955
2038,0.05837464332580565
2039,0.06990242004394531
2040,0.00539231300353997
2041,0.05082535743713376
2042,0.10072946548461909
2043,0.009929656982421875
2044,0.05007123947143555
2045,0.08286571502685544
2046,0.00811839103698727
2047,0.0012576580047607214
2048,0.006473064422607408
2049,0.0012381076812743447
2050,0.009043216705322217
2051,0.304459810256958
2052,0.0826811790466308
2053,0.22730803489685053
2054,0.24133586883544916
2055,0.1914067268371582
2056,0.03532171249389643
2057,0.19015932083129877
2058,0.08531904220581052
2059,0.2671191692352295
2060,0.0008957386016845426
2061,0.05636072158813474
2062,0.2942125797271728
2063,0.29999041557312006
2064,0.058369874954223605
2065,0.274261474609375
2066,0.19464588165283198
2067,0.20150184631347656
2068,0.09850478172302246
2069,-0.13853383064270025
2070,-0.0926835536956788
2071,-0.04177641868591314
2072,-0.11298155784606934
2073,-0.11349487304687503
2074,-0.10382461547851565
2075,-0.17446470260620123
2076,-0.12878108024597174
2077,0.046103477478027344
2078,-0.07950353622436523
2079,-0.13381385803222662
2080,-0.18171644210815438
2081,-0.10567927360534676
2082,-0.0864107608795166
2083,-0.11010456085205078
2084,0.1149494647979736
2085,0.10729670524597165
2086,0.12456893920898429
2087,0.04686021804809562
2088,0.09817695617675778
2089,0.11638355255126948
2090,0.005852222442626915
2091,0.0800998210906982
2092,0.11843442916870117
2093,0.03223323822021476
2094,0.006440162658691309
2095,0.085606575012207
2096,0.10774397850036621
2097,0.11302375793457028
2098,0.11268806457519523
2099,0.0502841472625732
2100,0.10093975067138664
2101,0.11536288261413571
2102,0.013028383255004855
2103,0.021875619888305622
2104,0.03695440292358396
2105,0.017565965652465793
2106,0.04921722412109372
2107,0.013036251068115151
2108,-0.011970281600952148
2109,0.008625030517578042
2110,0.01550912857055664
2111,0.012405633926391518
2112,0.055800199508666964
2113,0.0595784187316894
2114,4.3392181396484375e-05
2115,0.04791331291198722
2116,0.05088806152343742
2117,0.0120935440063476
2118,0.054055213928222656
2119,0.0968134403228759
2120,0.13845229148864738
2121,0.08069419860839844
2122,0.17404913902282715
2123,0.06624698638916013
2124,0.034325361251831006
2125,0.02915716171264645
2126,0.06362056732177734
2127,0.06934309005737303
2128,0.02259445190429686
2129,0.06046748161315918
2130,0.09283375740051267
2131,0.0381314754486084
2132,0.04753446578979484
2133,0.041188478469848605
2134,0.12279200553894043
2135,0.07348012924194328
2136,0.05659723281860346
2137,0.04352092742919919
2138,0.055519819259643555
2139,0.08682727813720703
2140,0.05094027519226067
2141,-0.02612400054931647
2142,0.05230975151062005
2143,0.04789876937866207
2144,0.0006988048553465964
2145,0.04597401618957514
2146,0.024122476577758706
2147,0.04961705207824699
2148,0.031298637390136705
2149,-0.0025467872619629184
2150,0.04353117942810056
2151,0.0427398681640625
2152,0.028461217880248982
2153,0.026568174362182617
2154,0.0012300014495848915
2155,0.033995151519775335
2156,0.049060821533203125
2157,0.03964042663574216
2158,0.019631147384643458
2159,0.009263992309570285
2160,0.027324199676513616
2161,0.0643539428710937
2162,0.025113105773925726
2163,0.01805377006530756
2164,0.02800917625427246
2165,0.018924713134765625
2166,0.030735492706298828
2167,0.03228569030761713
2168,0.0450441837310791
2169,0.07733798027038566
2170,0.08561706542968747
2171,-0.003351688385009835
2172,0.049685955047607394
2173,0.054898738861083984
2174,0.04356336593627924
2175,0.09242606163024894
2176,0.07965540885925287
2177,0.07774639129638669
2178,0.10369873046875
2179,0.04271650314331052
2180,0.10099625587463373
2181,0.08482193946838376
2182,0.09533047676086426
2183,0.05156040191650385
2184,0.0984847545623779
2185,0.0760905742645263
2186,0.11037349700927729
2187,0.04812812805175781
2188,0.10592436790466309
2189,0.09304356575012207
2190,0.03160572052001949
2191,0.06494975090026847
2192,0.01758885383605953
2193,0.010218858718872056
2194,0.04549837112426751
2195,0.02481603622436522
2196,0.022495031356811496
2197,0.033432722091674735
2198,0.024742364883422838
2199,0.009527444839477511
2200,0.056075811386108385
2201,0.05341243743896483
2202,0.02238130569458001
2203,0.015011548995971666
2204,0.0034277439117431016
2205,0.0564241409301757
2206,0.04061269760131836
2207,0.06975841522216789
2208,0.13155412673950187
2209,0.08691763877868647
2210,0.11556577682495112
2211,0.06009411811828613
2212,0.1175391674041748
2213,0.07675790786743164
2214,0.11399292945861811
2215,0.06530284881591789
2216,0.11726999282836906
2217,0.0790026187896728
2218,0.12777113914489743
2219,0.1334319114685058
2220,0.10991501808166498
2221,0.05916118621826166
2222,0.09146118164062497
2223,0.12541699409484858
2224,0.1343529224395752
2225,0.04466128349304194
2226,0.08832502365112302
2227,0.07158851623535148
2228,0.10674428939819328
2229,0.03576278686523432
2230,0.09875512123107902
2231,0.06263852119445795
2232,0.09475159645080564
2233,0.009949207305908148
2234,0.09748172760009757
2235,0.05709648132324213
2236,0.09346961975097648
2237,0.011575698852539007
2238,0.039262056350707925
2239,-0.02741408348083499
2240,0.07252502441406247
2241,0.04493379592895505
2242,0.03230881690979001
2243,0.0915617942810058
2244,0.1348726749420166
2245,0.059859514236450195
2246,0.13316655158996582
2247,0.12665319442749023
2248,0.12043118476867673
2249,-0.07329249382019049
2250,-0.03680729866027836
2251,-0.05312871932983408
2252,-0.02057695388793951
2253,-0.07524156570434579
2254,-0.0359711647033692
2255,0.11484050750732422
2256,0.1576032638549804
2257,0.07566380500793451
2258,0.07426714897155756
2259,0.11993408203124994
2260,0.11638379096984863
2261,0.11386537551879874
2262,0.1453471183776855
2263,0.14077115058898923
2264,0.08481693267822266
2265,0.13257408142089844
2266,0.1536436080932617
2267,0.1009988784790039
2268,0.09740662574768061
2269,0.08456420898437494
2270,0.09086251258850098
2271,0.12737727165222162
2272,0.11362051963806152
2273,0.06465649604797363
2274,0.17710065841674805
2275,0.21120595932006836
2276,0.12027716636657709
2277,0.05887269973754883
2278,0.13277554512023926
2279,0.003522872924804663
2280,0.003762960433959961
2281,0.004704236984252867
2282,0.008252382278442359
2283,0.008483648300170833
2284,0.0034515857696532683
2285,0.09917449951171872
2286,0.1258773803710937
2287,0.14600110054016113
2288,0.11163878440856928
2289,0.03493094444274897
2290,0.10538053512573234
2291,0.20245051383972162
2292,0.3948509693145752
2293,0.2390365600585937
2294,0.3260023593902588
2295,0.07762122154235832
2296,0.1144647598266601
2297,0.14874505996704096
2298,0.1518495082855224
2299,0.05795836448669431
2300,0.06472253799438468
2301,0.09009051322937009
2302,0.1891489028930664
2303,0.1948003768920898
2304,0.20661473274230951
2305,0.09277534484863276
2306,0.11057996749877927
2307,0.27873396873474116
2308,0.14184951782226562
2309,0.04400444030761713
2310,0.07928800582885742
2311,0.07959342002868652
2312,0.1362369060516357
2313,0.2614870071411133
2314,0.0601327419281005
2315,0.05725359916687012
2316,0.10643219947814941
2317,0.1337635517120361
2318,0.14695405960083002
2319,0.08859086036682123
2320,0.07778501510620117
2321,-0.021601200103759842
2322,-0.005805730819702176
2323,0.06628513336181638
2324,0.003781080245971657
2325,-0.0001096725463867387
2326,0.09365510940551754
2327,-0.0225300788879395
2328,0.028132915496826116
2329,0.04327154159545897
2330,0.07824635505676267
2331,0.1265556812286377
2332,0.12895417213439936
2333,0.1107175350189209
2334,0.06955146789550778
2335,0.1562049388885498
2336,0.004645109176635699
2337,0.004773616790771422
2338,0.15006208419799796
2339,0.16135811805725092
2340,0.15620374679565427
2341,0.13611721992492673
2342,0.11494183540344233
2343,0.08218693733215332
2344,0.09439516067504877
2345,0.03232550621032715
2346,0.08358263969421387
2347,0.049785614013671875
2348,0.08982777595520017
2349,0.027711868286132757
2350,0.0814521312713623
2351,0.04855799674987793
2352,0.08315634727478025
2353,0.032330513000488253
2354,0.0889832973480224
2355,0.05231881141662592
2356,0.08389210700988764
2357,-0.47594213485717773
2358,-0.6354944705963135
2359,-0.4652895927429199
2360,-0.4505867958068848
2361,-0.3599846363067627
2362,-0.611104726791382
2363,-0.4948701858520508
2364,-0.4642956256866456
2365,-0.46716737747192383
2366,-0.6309258937835693
2367,-0.42173027992248535
2368,-0.45751023292541504
2369,-0.05851960182189951
2370,-0.07155895233154297
2371,-0.07141590118408207
2372,-0.1211097240447998
2373,-0.07636928558349616
2374,-0.07954764366149912
2375,-0.028282880783081117
2376,0.015731334686279283
2377,0.01861405372619622
2378,-0.017576217651367215
2379,0.045535564422607366
2380,0.03618836402893061
2381,0.040248632431030246
2382,0.0021307468414306224
2383,0.05888485908508295
2384,0.05474638938903806
2385,0.06469464302062983
2386,-0.020107746124267578
2387,0.0353024005889892
2388,0.028702020645141574
2389,0.040249586105346624
2390,-0.020039319992065485
2391,-0.0031833648681640903
2392,-0.004866123199462891
2393,0.06127095222473136
2394,0.011487722396850544
2395,0.013334751129150321
2396,-0.020797967910766643
2397,-0.0074374675750733255
2398,-0.0030291080474853516
2399,0.13759112358093256
2400,0.12388229370117185
2401,0.08158230781555173
2402,0.09405493736267087
2403,0.06362938880920407
2404,0.07647061347961426
2405,0.12723565101623532
2406,0.2641119956970215
2407,0.19453048706054682
2408,0.04054498672485346
2409,0.05320096015930176
2410,0.1221857070922851
2411,0.16211414337158195
2412,0.08433532714843747
2413,0.19900608062744135
2414,0.15110230445861814
2415,0.04334878921508788
2416,0.11043047904968259
2417,0.14422154426574701
2418,0.05725169181823728
2419,0.11814427375793454
2420,0.011077880859375
2421,0.13371419906616205
2422,0.04554152488708489
2423,0.07909464836120605
2424,0.07142686843872065
2425,0.1174516677856445
2426,-0.03094291687011723
2427,0.03165531158447263
2428,0.05472278594970695
2429,-0.0313644409179688
2430,-0.013715028762817438
2431,0.05510354042053217
2432,-0.03637194633483888
2433,-0.00536513328552253
2434,0.048674821853637654
2435,-0.015596389770507868
2436,-0.01831555366516123
2437,-0.013046503067016671
2438,-0.4066352844238282
2439,-0.4196484088897705
2440,-0.4165394306182862
2441,0.04229211807250974
2442,0.02463412284851073
2443,0.016362190246581962
2444,-0.02766132354736333
2445,-0.010576009750366239
2446,0.020128011703491155
2447,-0.024884939193725676
2448,-0.010828018188476632
2449,-0.014709711074829102
2450,0.14532232284545898
2451,0.05260157585144043
2452,0.00020194053649900436
2453,-0.007678747177124107
2454,0.004347324371337891
2455,0.015359640121459933
2456,-0.02681350708007818
2457,-0.004672288894653404
2458,0.035009622573852456
2459,0.05363798141479484
2460,0.060144901275634766
2461,0.0752079486846923
2462,-0.008983373641967829
2463,0.039784431457519503
2464,0.054268121719360324
2465,0.07655453681945797
2466,0.05782699584960935
2467,0.06630706787109367
2468,0.09071350097656246
2469,0.05706334114074699
2470,0.059861183166503906
2471,0.01132321357727048
2472,0.08486294746398926
2473,0.029484272003173828
2474,0.057850837707519503
2475,0.06955289840698237
2476,0.11744427680969238
2477,0.06990337371826165
2478,0.11842083930969236
2479,0.008010625839233343
2480,0.08375692367553705
2481,0.03326201438903806
2482,0.046531915664672824
2483,-0.10115766525268563
2484,-0.05949115753173828
2485,-0.07577729225158698
2486,-0.1066248416900635
2487,-0.09163808822631839
2488,0.04296231269836419
2489,0.01639246940612793
2490,-0.01054000854492193
2491,-0.007712841033935644
2492,0.004473924636840779
2493,-0.1026530265808106
2494,-0.059865951538085965
2495,-0.04296803474426278
2496,-0.09486198425292977
2497,-0.11857342720031742
2498,0.05396509170532224
2499,0.32694339752197266
2500,0.22883939743041992
2501,0.05269145965576169
2502,0.02360081672668457
2503,0.05388808250427246
2504,0.17658424377441406
2505,0.30056095123291016
2506,0.12978887557983398
2507,0.042253732681274386
2508,0.08117794990539551
2509,0.1572813987731933
2510,0.16937994956970212
2511,0.0414931774139404
2512,0.11092448234558105
2513,-0.03739404678344729
2514,0.2373440265655517
2515,-0.06839823722839364
2516,-0.052001476287841825
2517,0.07274031639099121
2518,0.08296179771423334
2519,0.22247099876403809
2520,-0.014063835144043024
2521,0.03832197189331055
2522,0.06718850135803223
2523,0.16515064239501948
2524,0.07135891914367674
2525,0.13660216331481925
2526,0.3986620903015136
2527,0.3997175693511963
2528,-0.3023519515991211
2529,-0.3356218338012696
2530,-0.3633573055267335
2531,-0.33398079872131353
2532,-0.6224277019500734
2533,-0.662226438522339
2534,-0.6915051937103273
2535,-0.6640992164611816
2536,-0.0552372932434082
2537,-0.06423044204711917
2538,-0.0952751636505127
2539,-0.06048917770385742
2540,-0.009990453720092773
2541,-0.023666858673095745
2542,0.0610048770904541
2543,0.03447937965393062
2544,-0.0034255981445312916
2545,0.04452466964721678
2546,-0.01227760314941409
2547,0.07747030258178711
2548,-0.003606796264648493
2549,-0.03235125541687012
2550,-0.030988931655883803
2551,-0.03567457199096688
2552,0.0033764839172362414
2553,-0.00042009353637699996
2554,-0.001071214675903407
2555,0.004282236099243122
2556,0.004628658294677682
2557,0.09520244598388669
2558,0.08705878257751459
2559,0.1388173103332519
2560,0.17631912231445307
2561,-0.005456209182739258
2562,-0.026520252227783286
2563,0.1714222431182861
2564,0.1417770385742187
2565,0.08979463577270508
2566,0.083064317703247
2567,0.14423823356628418
2568,0.1737010478973388
2569,0.1336872577667236
2570,0.06946492195129386
2571,0.41112399101257324
2572,0.2945494651794433
2573,-0.029034137725830092
2574,-0.004569292068481473
2575,-0.014427661895751967
2576,-0.03011274337768563
2577,-0.028571605682373116
2578,-0.034075975418090876
2579,-0.03639984130859379
2580,-0.01932048797607422
2581,-0.15563797950744634
2582,-0.10656952857971191
2583,-0.10708189010620123
2584,-0.15521955490112307
2585,-0.07419180870056154
2586,-0.09446144104003912
2587,-0.06109881401062013
2588,-0.04319572448730477
2589,-0.05039572715759286
2590,0.07253336906433103
2591,-0.06838774681091317
2592,-0.08814883232116699
2593,-0.0692498683929444
2594,-0.10700321197509773
2595,-0.17742800712585452
2596,0.001396179199218691
2597,-0.002519607543945361
2598,-0.10490870475769043
2599,-0.17265439033508306
2600,-0.0004303455352783203
2601,-0.046940088272094754
2602,0.008745193481445257
2603,-0.002845048904419001
2604,0.009083032608032227
2605,0.016137361526489258
2606,-0.04011225700378422
2607,-0.03232026100158693
2608,-0.02832627296447761
2609,-0.3088922500610352
2610,-0.354454517364502
2611,-0.3446183204650879
2612,-0.2688307762145996
2613,-0.3686807155609131
2614,-0.37938952445983887
2615,-0.3746681213378907
2616,-0.31813645362854004
2617,-0.011714220046997167
2618,0.06373977661132804
2619,0.023000001907348633
2620,0.034287452697753865
2621,0.009904623031616211
2622,0.18724513053894043
2623,0.21644973754882812
2624,0.02453064918518061
2625,0.1040182113647461
2626,0.10330009460449219
2627,0.20708918571472168
2628,0.22454452514648432
2629,0.20923066139221191
2630,0.18561053276062012
2631,0.18915843963623047
2632,0.25496768951416016
2633,0.16317605972290036
2634,0.19373583793640137
2635,0.20615530014038086
2636,0.1252355575561523
2637,0.12798690795898432
2638,0.19408369064331055
2639,0.07123494148254389
2640,0.015747785568237277
2641,-0.002532482147216797
2642,0.018982410430908148
2643,-0.04142022132873539
2644,0.11311984062194819
2645,-0.038611412048339844
2646,-0.09277105331420898
2647,-0.17176628112792974
2648,-0.14922118186950692
2649,-0.2263708114624024
2650,-0.07373595237731934
2651,0.2141125202178955
2652,0.08484721183776847
2653,0.21495652198791504
2654,0.1820182800292968
2655,0.03151011466979975
2656,0.21698594093322748
2657,-0.05728507041931155
2658,0.08692741394042969
2659,0.0375218391418457
2660,-0.08326411247253418
2661,0.01219415664672846
2662,0.07949733734130851
2663,0.1495893001556396
2664,0.013769388198852484
2665,-0.04976224899291995
2666,0.003239393234252902
2667,-0.06463384628295907
2668,-0.08374214172363287
2669,0.07390785217285156
2670,-0.015603542327880943
2671,-0.04981541633605957
2672,-0.08242988586425783
2673,-0.01589679718017581
2674,-0.03127694129943848
2675,-0.16809749603271493
2676,-0.05078458786010742
2677,-0.17084479331970215
2678,-0.10840773582458504
2679,-0.025775909423828125
2680,-0.14220929145812994
2681,0.06421518325805664
2682,-0.04374241828918457
2683,0.0737159252166748
2684,-0.07209944725036621
2685,-0.014016151428222656
2686,-0.06405520439147949
2687,-0.12481832504272464
2688,-0.18775153160095215
2689,0.001338243484496994
2690,0.0016171932220458984
2691,0.0012280941009520825
2692,0.02101588249206543
2693,-0.03742241859436041
2694,-0.09102320671081546
2695,-0.03735709190368655
2696,0.03349208831787104
2697,0.07474851608276364
2698,0.11574029922485343
2699,-0.03445982933044439
2700,-0.06183934211730957
2701,-0.027844667434692466
2702,-0.04873847961425781
2703,0.19715809822082514
2704,0.2173867225646972
2705,-0.037798881530761747
2706,0.11617732048034662
2707,-0.02179598808288577
2708,0.07809996604919428
2709,0.056201457977294866
2710,0.053201675415039035
2711,0.013942718505859375
2712,-0.07546710968017581
2713,0.24108266830444336
2714,0.09689378738403315
2715,0.06651854515075678
2716,0.4132044315338135
2717,-0.05357217788696289
2718,-0.07157731056213386
2719,-0.06731081008911141
2720,-0.08445572853088386
2721,0.017928838729858315
2722,0.03270101547241207
2723,0.0680911540985107
2724,0.0171988010406494
2725,-0.04331183433532723
2726,-0.06987452507019053
2727,-0.04962420463562013
2728,-0.01433372497558598
2729,0.031914710998535156
2730,0.36366796493530273
2731,-0.0753173828125
2732,0.10460066795349121
2733,0.12110257148742676
2734,0.04802680015563959
2735,0.2926721572875976
2736,-0.03243899345397952
2737,0.15832877159118647
2738,0.016311407089233315
2739,0.26628661155700684
2740,0.11913418769836426
2741,-0.09250974655151373
2742,-0.02057433128356939
2743,-0.019318103790283203
2744,0.0048885345458984375
2745,-0.03993487358093262
2746,0.04667496681213379
2747,0.09964561462402338
2748,0.13797616958618164
2749,0.08131599426269531
2750,0.10506772994995117
2751,-0.019695997238159235
2752,0.07863044738769523
2753,0.04269099235534664
2754,0.11129879951477048
2755,0.3057472705841064
2756,-0.2353036403656006
2757,-0.32764959335327154
2758,-0.3620431423187256
2759,-0.28393030166625977
2760,-0.25117516517639166
2761,-0.21945762634277352
2762,-0.2685844898223877
2763,-0.23938250541687023
2764,-0.31698060035705566
2765,-0.3120920658111573
2766,-0.3484656810760498
2767,-0.32770586013793956
2768,-0.09482717514038087
2769,0.18945837020874023
2770,-0.062087297439575195
2771,-0.07171225547790534
2772,-0.03022575378417977
2773,-0.019653081893920996
2774,0.04956459999084467
2775,-0.029221057891845745
2776,0.018665313720703125
2777,0.20394515991210932
2778,0.05653405189514156
2779,0.05760169029235837
2780,-0.08930182456970218
2781,-0.09456872940063478
2782,-0.06036949157714852
2783,-0.1051514148712159
2784,-0.11087417602539067
2785,-0.07072567939758304
2786,-0.015297412872314474
2787,0.022748470306396415
2788,0.020434617996215737
2789,-0.024504661560058594
2790,-0.011944770812988365
2791,-0.07415843009948733
2792,0.0134298801422119
2793,0.009513616561889579
2794,0.02631425857543944
2795,-0.07303214073181155
2796,-0.12452650070190435
2797,-0.08430552482604986
2798,-0.10036015510559086
2799,-0.19386053085327157
2800,-0.09611320495605474
2801,-0.1023819446563721
2802,-0.1775414943695069
2803,-0.0844118595123292
2804,-0.0009412765502930451
2805,0.0138101577758789
2806,0.03828597068786618
2807,-0.09903907775878915
2808,-0.06854844093322757
2809,-0.07145380973815918
2810,-0.06704711914062506
2811,-0.06436467170715339
2812,-0.003486871719360435
2813,-0.017398357391357505
2814,-0.003282546997070368
2815,-0.13076782226562503
2816,-0.09875893592834478
2817,-0.10143828392028814
2818,-0.08839130401611334
2819,-0.17113327980041504
2820,-0.10053086280822757
2821,-0.19244909286499026
2822,-0.06005477905273443
2823,-0.10330390930175781
2824,-0.06370925903320318
2825,-0.15570974349975586
2826,-0.22010827064514163
2827,-0.13824367523193365
2828,-0.07445216178894046
2829,-0.07935237884521493
2830,-0.12512922286987305
2831,-0.12028884887695314
2832,0.07728290557861328
2833,-0.010188341140747126
2834,-0.08753705024719238
2835,-0.0604245662689209
2836,-0.12018346786499023
2837,-0.13235807418823245
2838,-0.077850341796875
2839,-0.057575225830078125
2840,-0.09735250473022461
2841,-0.07947301864624029
2842,-0.1364600658416748
2843,-0.14657068252563482
2844,-0.08321976661682134
2845,-0.07145881652832037
2846,0.05729937553405759
2847,0.11044573783874512
2848,0.036620140075683566
2849,0.01035165786743164
2850,0.09165382385253901
2851,0.10663986206054688
2852,-0.16785764694213867
2853,-0.14412713050842285
2854,-0.15981030464172363
2855,-0.11019754409790047
2856,-0.21349978446960458
2857,-0.18042397499084473
2858,-0.16618156433105474
2859,-0.19115018844604498
2860,-0.017129659652710044
2861,0.006316661834716755
2862,0.013712406158447238
2863,0.006515264511108371
2864,-0.18215680122375494
2865,-0.16306662559509283
2866,-0.2082853317260743
2867,-0.18420505523681646
2868,-0.1960558891296387
2869,-0.18036150932312012
2870,-0.19354915618896493
2871,-0.15875864028930667
2872,-0.16135454177856448
2873,-0.1920199394226075
2874,-0.16832852363586429
2875,-0.1496939659118653
2876,-0.19672250747680664
2877,-0.20493245124816895
2878,-0.23764896392822266
2879,-0.23107552528381353
2880,-0.2024850845336914
2881,-0.19146537780761724
2882,0.16413354873657224
2883,0.19579458236694336
2884,0.1312496662139892
2885,0.13144016265869135
2886,0.1778750419616699
2887,0.19117975234985352
2888,-0.20631217956542974
2889,-0.17560529708862305
2890,-0.26337838172912603
2891,-0.21458911895751953
2892,-0.21458959579467773
2893,-0.18057322502136236
2894,-0.25916576385498047
2895,-0.3528246879577637
2896,-0.19289231300354012
2897,-0.0012025833129882951
2898,0.050413131713867104
2899,0.04830598831176758
2900,0.003413200378417875
2901,0.003834009170532218
2902,-0.0008234977722168055
2903,-0.1142191886901856
2904,-0.12694430351257327
2905,0.05415081977844238
2906,-0.19599962234497073
2907,-0.15263438224792483
2908,0.022650480270385687
2909,-1.8437087535858154
2910,-1.72780179977417
2911,-1.7151601314544678
2912,-1.8094942569732666
2913,-1.921356201171875
2914,-1.8139564990997314
2915,0.04017066955566405
2916,0.10361456871032712
2917,0.01011872291564933
2918,0.17043137550354
2919,0.09435176849365226
2920,0.15364074707031244
2921,-0.030005216598510798
2922,-0.09764337539672857
2923,-0.14673471450805664
2924,-0.15470576286315918
2925,-0.17535090446472168
2926,-0.11104321479797363
2927,-0.15980768203735357
2928,-0.1473531723022461
2929,-0.6748964786529541
2930,-0.6360220909118652
2931,-0.7019968032836914
2932,-0.667015790939331
2933,-0.6552400588989258
2934,-0.6287891864776611
2935,-0.9102225303649902
2936,-0.8867993354797363
2937,-0.9442584514617921
2938,-0.9136238098144532
2939,-0.8814759254455566
2940,-0.855344295501709
2941,-0.5871245861053467
2942,-0.5631375312805176
2943,-0.631476640701294
2944,-0.581505537033081
2945,-0.5530035495758057
2946,-0.5456635951995851
2947,-0.3452942371368409
2948,-0.31957387924194336
2949,-0.27385258674621593
2950,-0.2813913822174073
2951,-0.27814531326293945
2952,-0.3520488739013672
2953,-0.3687040805816651
2954,-0.30669975280761724
2955,0.025423288345336886
2956,0.07714605331420893
2957,0.11150646209716797
2958,0.05354738235473633
2959,-0.8907794952392578
2960,-0.8381118774414064
2961,-0.8934292793273926
2962,-0.8535435199737549
2963,-0.8987801074981691
2964,-0.83840012550354
2965,-0.8468537330627443
2966,-0.8504571914672852
2967,-0.6492760181427002
2968,-0.5999033451080322
2969,-0.6334066390991211
2970,-0.614520788192749
2971,-0.5679275989532471
2972,-0.48670744895935064
2973,0.003970623016357335
2974,0.001190423965454098
2975,-0.6201274394989014
2976,-0.5555703639984132
2977,-0.5545530319213867
2978,-0.6737339496612549
2979,0.005131483078002902
2980,0.04834246635437005
2981,0.047884464263916
2982,0.019183158874511635
2983,-0.9890060424804688
2984,-1.1370735168457031
2985,-0.9309811592102051
2986,-1.168729305267334
2987,-0.4215466976165772
2988,-0.44508194923400884
2989,0.008524417877197168
2990,-0.007657051086425878
2991,-0.016762971878051758
2992,-0.003180980682373054
2993,-0.5313189029693604
2994,-0.5405418872833252
2995,-0.46669793128967296
2996,-0.29950046539306646
2997,-0.35555148124694835
2998,-0.3446540832519532
2999,-0.46765995025634766
3000,-0.5369932651519775
3001,-0.5001497268676759
3002,-0.5084044933319092
3003,-0.4888930320739746
3004,-0.5198216438293458
3005,-0.5140717029571533
3006,-0.5223720073699951
3007,-0.5006620883941652
3008,-0.07022500038146978
3009,0.011736154556274359
3010,-0.03197932243347175
3011,-0.5741186141967773
3012,-0.6074731349945068
3013,-0.4977822303771974
3014,-0.605156660079956
3015,-0.5860915184020996
3016,-0.5751311779022217
3017,0.010231971740722587
3018,-0.012399911880493247
3019,-0.008501529693603571
3020,-0.5730342864990234
3021,-0.6130776405334473
3022,-0.5761747360229492
3023,-0.5882999897003174
3024,-0.4667067527770997
3025,-0.4229865074157715
3026,-0.18999910354614258
3027,-0.04849386215209964
3028,-0.1976282596588135
3029,-2.1678521633148193
3030,-1.9721291065216064
3031,-2.3207602500915527
3032,-2.383603572845459
3033,-3.1110637187957764
3034,-2.8977017402648926
3035,-3.1522538661956787
3036,-3.1009087562561035
3037,-0.10180568695068362
3038,-0.11807632446289071
3039,-0.14696288108825692
3040,-0.11868095397949222
3041,-0.5726680755615234
3042,-0.4868669509887696
3043,-0.5046427249908447
3044,-0.6334142684936525
3045,-0.6520516872406006
3046,-0.557612419128418
3047,-0.029050111770629966
3048,0.04468035697937006
3049,0.05827713012695307
3050,-0.11057949066162115
3051,-0.05213427543640142
3052,0.03191852569580078
3053,0.10579800605773923
3054,0.237983226776123
3055,0.1887891292572021
3056,0.07244253158569333
3057,0.11978173255920402
3058,0.19888663291931147
3059,-0.8431675434112549
3060,-0.8506824970245361
3061,-0.7634139060974121
3062,-0.6281692981719971
3063,-0.8081240653991699
3064,-1.6962628364562988
3065,-1.4665610790252686
3066,-1.8006775379180908
3067,-1.521327257156372
3068,-1.653862476348877
3069,-1.0836241245269775
3070,-1.0905225276947021
3071,-1.1449577808380127
3072,-1.066847801208496
3073,-1.1065185070037842
3074,-0.7055139541625977
3075,-0.8002493381500244
3076,-0.6631727218627931
3077,-0.7063331604003906
3078,-0.8318536281585693
3079,-0.664947509765625
3080,-0.7442991733551027
3081,-0.7238707542419434
3082,-0.7077043056488037
3083,-0.7751562595367432
3084,0.09116196632385254
3085,0.012643814086914031
3086,0.0036277770996092917
3087,0.03977417945861812
3088,0.06840181350708005
3089,-0.7112164497375488
3090,-0.7621536254882812
3091,-0.6958296298980713
3092,-0.7317845821380615
3093,-0.8587644100189209
3094,-0.7632136344909668
3095,-0.8028171062469482
3096,-0.7440288066864015
3097,-0.8247280120849609
3098,-0.8345801830291748
3099,-0.7509844303131104
3100,-0.7346441745758057
3101,-0.7537446022033691
3102,-0.7410356998443604
3103,-0.06587362289428719
3104,-0.026394128799438504
3105,-0.04657125473022461
3106,-0.04161810874938965
3107,-0.7487647533416748
3108,-0.7007768154144288
3109,-0.7634027004241944
3110,-0.7153961658477783
3111,-1.7794992923736572
3112,-1.7416059970855713
3113,-2.02561092376709
3114,-1.6139137744903564
3115,-3.4188644886016846
3116,-3.3353192806243896
3117,-3.750054359436035
3118,-3.2624454498291016
3119,-0.6730132102966309
3120,-0.5450682640075684
3121,-0.7437636852264404
3122,-0.7272803783416748
3123,-1.0934996604919434
3124,-1.201101541519165
3125,-1.1463303565979004
3126,-1.1912147998809814
3127,-1.1068496704101562
3128,-0.02826189994812016
3129,-0.03794050216674806
3130,-0.015280723571777372
3131,0.01286172866821289
3132,-0.025939941406250028
3133,-1.087024450302124
3134,-1.1735305786132812
3135,-1.157172679901123
3136,-1.1389727592468262
3137,-1.0932748317718506
3138,-1.125211238861084
3139,-1.1200833320617676
3140,-1.1859548091888428
3141,-1.1914904117584229
3142,-1.1390902996063232
3143,-1.1042125225067139
3144,0.08791041374206537
3145,0.08066749572753902
3146,0.052895784378051744
3147,0.09265708923339844
3148,-0.00036597251892097823
3149,0.0003161430358886025
3150,-0.16041755676269537
3151,-0.1228549480438233
3152,-0.21337532997131348
3153,-0.21152067184448245
3154,-0.10181617736816412
3155,-0.12072491645812994
3156,-1.0324444770812988
3157,-0.9131166934967041
3158,-0.9170191287994385
3159,-0.9990875720977783
3160,-1.048388957977295
3161,-1.0813443660736084
3162,-1.0841383934020996
3163,-0.7786600589752197
3164,-0.2764394283294678
3165,-0.08859038352966314
3166,-0.2753932476043702
3167,-0.2793283462524414
3168,-1.1804301738739014
3169,-1.0744547843933105
3170,-1.2115626335144043
3171,-1.1102421283721924
3172,-14.057660341262817
3173,-12.687456130981445
3174,-12.725010871887207
3175,-13.442721605300903
3176,-0.47949790954589844
3177,-0.4440126419067384
3178,-0.4629266262054444
3179,-0.4770181179046631
3180,-2.08144474029541
3181,-2.0808358192443848
3182,-2.141327142715454
3183,-2.1322550773620605
3184,-2.155486822128296
3185,-2.1005399227142334
3186,0.17883563041687006
3187,0.1281092166900634
3188,0.10388612747192383
3189,0.15097117424011225
3190,0.04028964042663568
3191,0.11768436431884763
3192,-2.3567159175872803
3193,-2.3594560623168945
3194,-2.4185948371887207
3195,-2.3916091918945312
3196,-2.4140264987945557
3197,-2.3373053073883057
3198,-1.8127546310424805
3199,-1.8614099025726318
3200,-1.8766839504241943
3201,-1.8251070976257324
3202,-1.665893316268921
3203,-1.8100612163543701
3204,-1.8471274375915527
3205,-1.8611035346984863
3206,0.0752758979797363
3207,0.002787113189697179
3208,0.05049228668212884
3209,0.13209414482116696
3210,-2.7253007888793945
3211,-2.691192626953125
3212,-3.080026626586914
3213,-2.7346699237823486
3214,-3.8309738636016846
3215,-3.5932869911193848
3216,-4.043517351150513
3217,-3.829596996307373
3218,-1.8867180347442627
3219,-1.9847800731658936
3220,-1.9167454242706299
3221,-1.9141883850097656
3222,-3.273451089859009
3223,-3.1877591609954834
3224,-3.3257713317871094
3225,-3.268247604370117
3226,0.134634256362915
3227,0.08487701416015622
3228,0.02457785606384276
3229,0.07927942276000971
3230,-3.271389961242676
3231,-3.306443929672241
3232,-3.2211012840270996
3233,-3.144860029220581
3234,-3.0198965072631836
3235,-2.9416184425354004
3236,-2.7728023529052734
3237,-3.0489068031311035
3238,-2.798534631729126
3239,-3.0743978023529053
3240,0.2578132152557373
3241,0.21040081977844233
3242,0.25731515884399414
3243,0.10810852050781246
3244,0.06222534179687493
3245,0.1349778175354003
3246,-3.5360589027404785
3247,-3.527867317199707
3248,-3.4591550827026367
3249,-3.4441256523132324
3250,-3.431729555130005
3251,-3.6087324619293213
3252,-3.165727138519287
3253,-3.2552402019500732
3254,-3.2625205516815186
3255,-3.284487247467041
3256,-3.0965452194213867
3257,0.01687812805175779
3258,0.08431982994079584
3259,0.06748533248901366
3260,0.011014223098754848
3261,-0.0047874450683594305
3262,-3.1510515213012695
3263,-3.315094470977783
3264,-3.213677167892456
3265,-3.3150100708007812
3266,-3.142049789428711
3267,-3.9368631839752197
3268,-4.059611797332764
3269,-3.9344632625579834
3270,-4.130014896392822
3271,-4.007868766784668
3272,-4.0732550621032715
3273,-3.987429618835449
3274,-4.13929557800293
3275,-4.111024856567383
3276,-4.166022300720215
3277,-4.134929180145264
3278,-4.181878089904785
3279,0.3010365962982177
3280,0.27210068702697754
3281,0.3106024265289306
3282,0.15767025947570792
3283,0.2097618579864502
3284,0.14406323432922355
3285,-6.668068170547485
3286,-6.926539182662964
3287,-6.436732292175293
3288,-6.807085037231445
3289,-6.692112445831299
3290,-0.4667677879333496
3291,-0.35395479202270513
3292,-0.4681060314178468
3293,-0.4326972961425781
3294,-0.44327759742736816
3295,-0.47224020957946783
3296,-0.49878311157226574
3297,-0.5353751182556152
3298,-0.4919137954711915
3299,-0.4876089096069336
3300,-5.852267265319824
3301,-5.973111867904663
3302,-5.62559962272644
3303,-6.261434555053711
3304,-6.2380900382995605
3305,-5.552690029144287
3306,-5.809422969818115
3307,-5.997005224227905
3308,-6.325467109680176
3309,-5.9317662715911865
3310,-6.095672607421875
3311,-6.022934675216675
3312,-6.161930799484253
3313,-6.084092140197754
3314,-4.947838306427002
3315,-5.959449052810669
3316,-5.913489818572998
3317,-5.544445037841797
3318,-4.531289339065552
3319,-4.307575225830078
3320,-4.654255390167236
3321,-4.415156841278076
3322,-1.5085673332214355
3323,-1.5563397407531738
3324,-1.621251106262207
3325,-1.5652697086334229
3326,-4.101758718490601
3327,-4.316529273986816
3328,-4.384334325790405
3329,-4.354398012161255
3330,-4.271028757095337
3331,-4.303262948989868
3332,-4.333122253417969
3333,-4.297631502151489
3334,-4.38711142539978
3335,-4.5595526695251465
3336,0.3224697113037109
3337,0.14885830879211426
3338,0.18875718116760254
3339,0.10329818725585938
3340,0.14860630035400385
3341,0.18007588386535642
3342,-4.711627006530762
3343,-4.396261215209961
3344,-4.291415691375732
3345,-4.308848857879639
3346,-4.375480651855469
3347,-4.459676265716553
3348,-12.703521013259888
3349,-12.733946323394775
3350,-12.694520473480225
3351,-12.830053806304932
3352,-12.70508623123169
3353,-12.498242855072021
3354,-12.583612442016602
3355,-28.0885066986084
3356,-27.819726943969727
3357,-27.89760422706604
3358,-28.133744478225708
3359,-27.964255332946777
3360,-27.442566633224487
3361,-27.477635145187378
3362,-2.304199695587158
3363,-2.26897931098938
3364,-2.165672540664673
3365,-2.4193882942199707
3366,-2.3526995182037354
3367,-2.3388030529022217
3368,-2.0624442100524902
3369,-8.449679851531982
3370,-8.739351511001587
3371,-8.451360702514648
3372,-8.74893856048584
3373,-8.613053798675537
3374,-8.750617027282715
3375,-8.716787099838257
3376,-8.647326707839966
3377,0.02120208740234371
3378,0.12055921554565421
3379,0.0475919246673584
3380,0.07329797744750974
3381,-17.58912944793701
3382,-17.47374129295349
3383,-17.451663732528687
3384,-17.613320350646973
3385,-17.633349895477295
3386,-17.00886106491089
3387,-16.949814558029175
3388,-0.17815709114074713
3389,-0.12958431243896484
3390,-0.12529158592224124
3391,-0.1990876197814942
3392,-0.18997073173522955
3393,-0.1709890365600586
3394,-0.11400246620178225
3395,-58.224732637405396
3396,-58.2056450843811
3397,-58.14981245994568
3398,-58.474730491638184
3399,-58.601097106933594
3400,-56.96520161628723
3401,-57.06952357292175
3402,-16.642680406570435
3403,-21.46626901626587
3404,-24.165579557418823
3405,-24.315396785736084
3406,-1.4436712265014648
3407,-1.4270508289337158
3408,-1.3956925868988037
3409,-1.413444995880127
3410,-16.756837129592896
3411,-15.532529830932617
3412,-16.94183373451233
3413,-17.162148475646973
3414,-11.647625923156738
3415,-12.005570650100708
3416,-10.866637468338013
3417,-11.956126928329468
3418,-11.167520761489868
3419,-14.732604026794434
3420,-14.13514757156372
3421,-12.793068647384644
3422,-13.65197229385376
3423,-13.134452819824219
3424,-2.605461359024048
3425,-3.4805188179016113
3426,-2.6010186672210693
3427,-3.3675761222839355
3428,-2.642171621322632
3429,-26.483697175979614
3430,-26.069857597351074
3431,-26.49381375312805
3432,-25.95054006576538
3433,-26.661961793899536
3434,-26.138760566711426
3435,-26.582128047943115
3436,-26.14027762413025
3437,-11.342748403549194
3438,-11.327796936035156
3439,-11.040897130966187
3440,-11.057650804519653
3441,-22.055248498916626
3442,-21.813085556030273
3443,-21.139213800430298
3444,-21.569735050201416
3445,-21.916852951049805
3446,0.008189439773559477
3447,0.3910202980041504
3448,0.006949901580810495
3449,0.1509993076324463
3450,0.0020599365234374584
3451,-22.37510395050049
3452,-22.216785192489624
3453,-21.554114818572998
3454,-22.103919744491577
3455,-21.89751935005188
3456,-34.990917444229126
3457,-34.51388478279114
3458,-34.68171310424805
3459,-34.468249559402466
3460,-35.02364110946655
3461,-33.88145422935486
3462,-33.79625749588013
3463,-37.460217237472534
3464,-37.10343527793884
3465,-37.22004151344299
3466,-36.945027351379395
3467,-37.59646677970886
3468,-36.53271222114563
3469,-36.29658222198486
3470,-1.9263699054718018
3471,-1.7124035358428955
3472,-1.7591078281402588
3473,-2.0330023765563965
3474,-1.9515721797943115
3475,-1.907794713973999
3476,-1.9327747821807861
3477,-15.03151559829712
3478,-14.803200960159302
3479,-14.474847316741943
3480,-14.669641017913818
3481,-14.821588277816772
3482,-22.118674755096436
3483,-14.883228540420532
3484,0.17726421356201172
3485,0.4988551139831543
3486,0.17686653137207026
3487,0.22192597389221186
3488,0.011338472366332973
3489,0.4247660636901855
3490,0.3991260528564453
3491,0.3727688789367676
3492,0.09894204139709468
3493,0.6289331912994385
3494,0.011455535888671785
3495,0.3156616687774658
3496,0.2445135116577148
3497,0.007953643798828087
3498,-31.665185928344727
3499,-32.20444989204407
3500,-32.44713354110718
3501,-31.662128686904907
3502,-1.1839542388916016
3503,-1.186007022857666
3504,-1.2248361110687256
3505,-1.1870579719543457
3506,-3.0599210262298584
3507,-3.1132235527038574
3508,-3.1101081371307373
3509,-3.063154935836792
3510,-29.3328857421875
3511,-30.963878631591797
3512,-31.744667530059814
3513,-29.936735153198242
3514,0.005220651626586845
3515,-0.02780699729919435
3516,-0.03130531311035156
3517,0.010751247406005818
3518,-2.0232605934143066
3519,-2.0171492099761963
3520,-2.090353488922119
3521,-2.0410680770874023
3522,-29.10951590538025
3523,-30.946967840194702
3524,-30.921250581741333
3525,-29.35359287261963
3526,-29.238723754882812
3527,-30.978482961654663
3528,-30.998777866363525
3529,-29.25410795211792
3530,-2.243309259414673
3531,-2.245387554168701
3532,-2.2961795330047607
3533,-2.2619354724884033
3534,-55.19407606124878
3535,-52.40851593017578
3536,-59.11761498451233
3537,-53.08655118942261
3538,-52.633259773254395
3539,-61.55122661590576
3540,-18.74833655357361
3541,-18.558767795562744
3542,-18.62838912010193
3543,-18.75950527191162
3544,-18.66623330116272
3545,-19.454718589782715
3546,-30.241848707199097
3547,-29.991758584976196
3548,-29.99626398086548
3549,-30.131611347198486
3550,-30.28583550453186
3551,-31.548749446868896
3552,-85.0021800994873
3553,-81.14538049697876
3554,-79.85683083534241
3555,-80.21123313903809
3556,-82.883615732193
3557,0.13339018821716309
3558,0.17523670196533198
3559,0.10047101974487305
3560,0.1069719791412353
3561,0.05534219741821289
3562,-85.23810315132141
3563,-80.25204634666443
3564,-80.46635484695435
3565,-80.64468216896057
3566,-82.93628215789795
3567,-100.0
3568,-100.0
3569,-100.0
3570,-100.0
3571,-100.0
3572,-100.0
3573,-100.0
3574,-100.0
3575,-100.0
3576,-100.0
3577,-100.0
3578,-100.0
3579,-68.7221109867096
3580,-72.54034495353699
3581,-67.18831777572632
3582,-65.44251990318298
3583,-35.81855797767639
3584,-39.20917892456055
3585,-38.66678071022034
3586,-36.10679292678833
3587,-100.0
3588,-100.0
3589,-100.0
3590,-100.0
3591,-0.22288465499877935
3592,-0.18268895149230965
3593,-0.2025547027587891
3594,-0.24393677711486822
3595,-3.8953921794891357
3596,-6.304492712020874
3597,-3.6987617015838623
3598,-4.053561210632324
3599,-100.0
3600,-100.0
3601,-100.0
3602,-100.0
3603,-100.0
3604,-100.0
3605,-100.0
3606,-100.0
3607,-100.0
3608,-100.0
3609,-100.0
3610,-100.0
3611,-100.0
3612,-100.0
3613,-100.0
3614,-100.0
3615,-100.0
3616,-100.0
3617,-1.658219814300537
3618,-1.6041674613952634
3619,-1.68501877784729
3620,-20.29431962966919
3621,-20.317723512649536
3622,-18.707420587539673
3623,-18.75068426132202
3624,-100.0
3625,-100.0
3626,-100.0
3627,-100.0
3628,-100.0
3629,-100.0
3630,-100.0
3631,-100.0
3632,-100.0
3633,-100.0
3634,-100.0
3635,-100.0
3636,-100.0
3637,-100.0
3638,-100.0
3639,-100.0
3640,-100.0
3641,-100.0
3642,-100.0
3643,-100.0
3644,-100.0
3645,-100.0
3646,-100.0
3647,-100.0
3648,-100.0
3649,-100.0
3650,-100.0
3651,-100.0
3652,-100.0
3653,-100.0
3654,-100.0
3655,-100.0
3656,-100.0
3657,-100.0
3658,-100.0
3659,-100.0
3660,-100.0
3661,-100.0
3662,-100.0
3663,-100.0
3664,-100.0
3665,-100.0
3666,-100.0
3667,-100.0
3668,-100.0
3669,-100.0
3670,-100.0
3671,-100.0
3672,-100.0
3673,-100.0
3674,-100.0
3675,-100.0
3676,-100.0
3677,-100.0
3678,-22.154961347579956
3679,-21.248701572418213
3680,-22.200097799301147
3681,-100.0
3682,-100.0
3683,-100.0
3684,-100.0
3685,-100.0
3686,-100.0
3687,-100.0
3688,-100.0
3689,-100.0
3690,-100.0
3691,-100.0
3692,-100.0
3693,-100.0
3694,-100.0
3695,-100.0
3696,-100.0
3697,-100.0
3698,-100.0
3699,-100.0
3700,-100.0
3701,-100.0
3702,-100.0
3703,-100.0
3704,-100.0
3705,-100.0
3706,-100.0
3707,-100.0
3708,-100.0
3709,-100.0
3710,-100.0
3711,-100.0
3712,-100.0
3713,-100.0
3714,-100.0
3715,-100.0
3716,-100.0
3717,-100.0
3718,-100.0
3719,-100.0
3720,-100.0
3721,-100.0
3722,-100.0
3723,-100.0
3724,-100.0
3725,-100.0
3726,-100.0
3727,-100.0
3728,-100.0
3729,-100.0
3730,-100.0
3731,-100.0
3732,-100.0
3733,-100.0
3734,-100.0
3735,-100.0
3736,-100.0
3737,-100.0
3738,-100.0
3739,-5.763137578964233
3740,-5.199889421463013
3741,-6.142538547515869
3742,-23.974722623825073
3743,-24.26527190208435
3744,-20.9473237991333
3745,-22.031747579574585
3746,-100.0
3747,-100.0
3748,-100.0
3749,-100.0
3750,-100.0
3751,-100.0
3752,-100.0
3753,-100.0
3754,-100.0
3755,-100.0
3756,-100.0
3757,-100.0
3758,-100.0
3759,-100.0
3760,-100.0
3761,-100.0
3762,-100.0
3763,-100.0
3764,-100.0
3765,-100.0
3766,-100.0
3767,-100.0
3768,-100.0
3769,-100.0
3770,-100.0
3771,-100.0
3772,-100.0
3773,-100.0
3774,-100.0
3775,-100.0
3776,-100.0
3777,-100.0
3778,-100.0
3779,-100.0
3780,-100.0
3781,-100.0
3782,-100.0
3783,-100.0
3784,-100.0
3785,-100.0
3786,-100.0
3787,-100.0
3788,-100.0
3789,-100.0
3790,-100.0
3791,-100.0
3792,-100.0
3793,-100.0
3794,-100.0
3795,-100.0
3796,-100.0
3797,-100.0
3798,-100.0
3799,-100.0
3800,-100.0
3801,-100.0
3802,-100.0
3803,-100.0
3804,-100.0
3805,-100.0
3806,-100.0
3807,-100.0
3808,-100.0
3809,-100.0
3810,-100.0
3811,-100.0
3842,-100.0
3843,-100.0
3844,-100.0
3845,-100.0
3846,-100.0
3847,-100.0
3848,-100.0
3849,-100.0
3850,-100.0
3851,-100.0
3852,-100.0
3861,-0.12734794616699224
3862,1.7841072082519527
3863,-0.06305408477783209
3864,0.052459716796875
3865,1.5625414848327646
3866,0.36363792419433594
3867,2.160290002822876
3868,0.36790442466735834
3869,2.0467641353607178
3870,2.048609733581543
3871,0.26860284805297846
3872,2.114809274673462
3873,2.018266439437866
3874,0.4570024013519287
3875,0.34197878837585444
3876,-0.1851863861083985
3877,-0.25636625289917
3878,1.1741023063659668
3879,-0.15380597114562988
3880,-0.1524062156677246
3881,0.2580907344818115
3882,2.128291606903076
3883,0.3751506805419922
3884,0.3593966960906982
3885,0.3737499713897705
3886,0.25666308403015137
3887,2.121068000793457
3888,1.7125253677368164
3889,0.23060822486877436
3890,1.735260248184204
3891,-0.39475297927856445
3892,1.8022708892822266
3893,-0.3692739009857178
3894,-0.3586335182189942
3895,0.9584298133850098
3896,0.028177261352539024
3897,2.1208806037902828
3898,0.031559944152831955
3899,0.028558492660522412
3900,0.02886819839477537
3901,0.03126192092895499
3902,0.00953340530395501
3903,1.5012290477752686
3904,0.02833724021911617
3905,2.0291473865509033
3906,2.947704792022705
3907,0.028371095657348633
3908,4.339209794998169
3909,2.68253755569458
3910,2.9650068283081055
3911,1.767286777496338
3912,2.1192939281463623
3913,3.5460822582244873
3914,3.8133487701416016
3915,4.542574644088746
3916,1.743459701538086
3917,1.4825549125671387
3918,4.542460203170776
3919,3.8648388385772705
3920,3.557241678237915
3921,3.237396001815796
3922,1.3495569229125977
3923,1.348480224609375
3924,3.5814673900604252
3925,3.189190626144409
3926,1.2689781188964844
3927,1.269667148590088
3928,3.569589138031006
3929,1.3225343227386475
3930,1.9499292373657227
3931,1.3471064567565918
3932,1.323958158493042
3933,0.824174165725708
3934,0.825467586517334
3935,0.4614245891571045
3936,0.8214340209960938
3937,0.814497709274292
3938,2.532064437866211
3939,0.2809987068176269
3940,2.249743938446045
3941,0.7883248329162598
3942,1.2526772022247314
3943,1.170189380645752
3944,0.7986125946044922
3945,0.3010282516479492
3946,0.28436684608459467
3947,1.5591886043548584
3948,0.2858357429504394
3949,5.101362705230713
3950,7.219531297683716
3951,0.2678186893463135
3952,7.234424829483032
3953,4.776770830154419
3954,4.770918846130371
3955,1.5585942268371584
3956,1.1634855270385742
3957,2.3469414710998535
3958,2.3622963428497314
3959,2.1386682987213135
3960,2.1416115760803227
3961,2.3533854484558105
3962,2.3435914516448975
3963,2.267772912979126
3964,2.3688812255859375
3965,2.342967987060547
3966,2.1776232719421387
3967,2.369107961654663
3968,2.328251361846924
3969,2.7815420627593994
3970,2.3367741107940674
3971,2.313770294189453
3972,1.296980381011963
3973,1.2873601913452148
3974,1.474257469177246
3975,1.2904682159423826
3976,1.3144946098327634
3977,1.3416635990142822
3978,1.2667484283447263
3979,1.4685170650482178
3980,1.4163544178009033
3981,1.6659135818481439
3982,0.8478960990905764
3983,0.8480746746063232
3984,0.8449420928955078
3985,0.8500761985778809
3986,0.8498311042785645
3987,2.614535093307495
3988,2.2302310466766357
3989,2.08882737159729
3990,2.122877836227417
3991,2.038002729415894
3992,1.2265145778656006
3993,1.1153674125671387
3994,1.5914597511291504
3995,1.108672380447388
3996,1.1025137901306155
3997,1.6299190521240234
3998,3.3013055324554443
3999,1.9588878154754639
4000,2.3673858642578125
4001,2.344189167022705
4002,63.91247224807739
4003,-100.0
4004,37.28432655334473
4005,-4.041769027709961
4006,-4.026419639587402
4007,-2.744004249572754
4008,-0.8328831195831299
4009,1.6405067443847656
4010,3.0745155811309814
4011,-4.202102184295654
4012,44.37373948097229
4013,0.031183242797851562
4014,0.31148505210876465
4015,-0.7774474620819092
4016,51.078622817993164
4017,4.435183525085449
4018,0.7061944007873535
4019,7.412376880645752
4020,3.8203835487365723
4021,9.4286367893219
4022,4.335597276687622
4023,1.8004131317138672
4024,52.657864809036255
4025,84.01494765281677
4029,87.4459137916565
4030,1.8331360816955566
4031,56.28548383712769
4032,83.88788485527039
4033,57.80138158798218
4034,59.346630811691284
4036,55.65385317802429
4037,49.065958976745605
4038,55.7398419380188
4039,56.10903334617615
4041,59.29355049133301
4042,90.18543887138367
4043,57.09091567993164
4044,6.833791494369507
4045,11.55292248725891
4046,13.516514301300049
4047,23.578166961669922
4048,14.28145956993103
4049,57.24428701400757
4050,22.21691393852234
4051,6.915060758590698
4052,13.912930727005005
4053,8.271628618240356
4054,18.366624116897587
4055,11.950298070907595
4056,20.869184255599976
4057,11.205039501190184
4058,3.5302882194519043
4059,22.194197177886963
4060,61.00955104827881
4061,17.050231456756592
4062,57.179593563079834
4063,13.496844291687012
4064,24.538788080215454
4065,6.78134560585022
4066,0.2874298095703125
4067,51.39745903015137
4068,59.87538456916809
4069,59.44469976425171
4070,51.505839824676514
4071,0.3429903984069824
4072,59.722295761108406
4073,51.71426796913147
4074,0.3473830223083496
4075,0.39256882667541504
4076,0.048660755157470675
4077,0.4069523811340332
4078,5.317493915557861
4079,48.894036293029785
4080,0.5044114589691162
4081,0.3515300750732422
4082,51.205782413482666
4083,0.5553662776947021
4084,0.4092719554901123
4085,51.02248263359069
4086,50.98855829238892
4087,51.19578838348389
4088,5.108983278274536
4089,55.927335262298584
4090,0.1947627067565918
4091,51.75643491744995
4092,0.25520801544189453
4093,0.16506385803222656
4094,0.2178666591644287
4095,0.30109143257141113
4096,0.3228297233581543
4097,0.4547386169433594
4098,5.650244235992432
4099,0.313983678817749
4100,0.4846065044403076
4101,0.3123338222503662
4102,0.34653306007385254
4103,0.3058311939239502
4104,0.44355320930480957
4105,2.9330458641052246
4106,0.41034412384033203
4107,0.4333498477935791
4108,5.452382326126099
4109,9.715194702148438
4110,0.4135923385620117
4111,9.786136150360106
4112,2.8630387783050537
4113,0.44745779037475586
4114,0.47415900230407715
4115,0.5726985931396484
4116,0.39052748680114746
4117,0.4279291629791259
4118,0.5832595825195312
4119,0.45701837539672846
4120,0.45644474029541016
4121,0.5425939559936523
4122,0.47562360763549805
4123,0.4912910461425781
4124,0.6138949394226074
4125,-1.2732856273651123
4126,-1.3232557773590088
4127,-0.9903440475463867
4128,-0.03708171844482422
4129,0.5497035980224609
4130,0.06591606140136541
4131,-0.39678525924682617
4132,0.46788716316223145
4133,-0.19778728485107422
4134,-0.12488341331482111
4135,-100.0
4136,-100.0
4137,-100.0
4138,-100.0
4139,-0.012310504913330092
4140,-0.010588169097900474
4141,-0.009983539581298877
4142,-0.016884326934814453
4143,-0.016126155853271484
4144,0.10487961769103998
4145,0.10387730598449707
4146,0.10391306877136225
4147,0.10345554351806635
4148,0.10249495506286616
4149,0.020508289337158186
4150,0.013247728347778244
4151,0.013090372085571258
4152,0.013133049011230465
4153,0.02130746841430658
4154,0.006067276000976549
4155,0.00666809082031246
4156,0.006581783294677644
4157,0.0056564807891845426
4158,0.005871295928955023
4159,0.1118857860565185
4160,0.045475959777831976
4161,0.10834264755249023
4162,0.05045628547668453
4163,0.11150217056274414
4164,-0.1281952857971192
4165,-0.13519310951232916
4166,-0.09538555145263677
4167,-0.14448547363281256
4168,-0.13854002952575684
4169,-0.1416220664978028
4170,-0.14771723747253418
4171,-2.0983190536499023
4172,-2.4687395095825195
4173,-2.4128258228302
4174,-2.721867799758911
4175,-2.4096920490264893
4176,-2.8727970123291016
4177,-2.8872036933898926
4178,0.07037973403930664
4179,0.07499861717224121
4180,-0.21569395065307623
4181,0.0817348957061767
4182,-0.08205842971801758
4183,-0.3476436138153076
4184,-0.04655575752258301
4185,-2.999782085418701
4186,-3.0130503177642822
4187,-2.8584349155426025
4188,-3.079080581665039
4189,-3.2111430168151855
4190,-3.2983601093292236
4191,-3.2330868244171143
4192,-0.038874864578247126
4193,0.01960587501525879
4194,-0.02263951301574714
4195,0.01891851425170893
4196,0.007887125015258761
4197,-0.04390883445739749
4198,-0.05182337760925296
4199,0.08704757690429685
4200,0.03616809844970695
4201,0.0973043441772461
4202,0.09818673133850092
4203,0.1043548583984375
4204,0.03878664970397949
4205,0.0447583198547363
4206,-0.26594758033752447
4207,-0.3121118545532227
4208,-0.33193850517272955
4209,-0.33082914352417
4210,-0.30111432075500494
4211,-0.296637773513794
4212,-0.3068492412567139
4213,0.010224342346191346
4214,0.011625766754150297
4215,0.011805534362792885
4216,0.011260032653808583
4217,0.011356353759765549
4218,0.011970996856689425
4219,0.011659860610961815
4220,0.005139589309692369
4221,-0.0014553070068359583
4222,-0.002110481262207059
4223,0.004909038543701144
4224,0.008055925369262654
4225,0.0022563934326171806
4226,0.0010132789611815504
4227,-0.13596177101135257
4228,-0.13779973983764648
4229,-0.1458489894866944
4230,-0.14957761764526373
4231,-0.12985968589782718
4232,-0.15875124931335455
4233,-0.15803241729736328
4234,0.13886380195617667
4235,0.1372673511505127
4236,0.05698108673095695
4237,0.1325368881225586
4238,0.1027314662933349
4239,0.1378474235534668
4240,0.09415340423583979
4241,0.062242746353149345
4242,0.03144478797912598
4243,0.11020755767822257
4244,0.03166055679321289
4245,0.10974407196044914
4246,0.09910702705383295
4247,0.03821611404418945
4248,-0.04395198822021486
4249,-0.04332566261291511
4250,-0.047705173492431724
4251,-0.048522710800170926
4252,-0.07227730751037602
4253,-0.04879760742187503
4254,-0.05010795593261723
4255,-0.05174255371093755
4256,-0.049164056777954185
4257,-0.051357269287109444
4258,-0.05271863937377931
4259,-0.050731420516967815
4260,-0.055261135101318394
4261,-0.05642294883728033
4262,0.04673194885253905
4263,0.04063415527343747
4264,0.03749895095825194
4265,0.0436639785766601
4266,0.03757166862487789
4267,0.14277553558349604
4268,0.10717010498046872
4269,0.02686715126037592
4270,0.022358179092407227
4271,0.11722469329833976
4272,0.019272565841674777
4273,0.030771017074584878
4274,0.0936665534973144
4275,0.09081840515136713
4276,0.08605456352233884
4277,0.08516359329223627
4278,0.04087638854980469
4279,0.03672599792480463
4280,0.09497785568237299
4281,0.04124736785888672
4282,0.10099530220031733
4283,-0.00795006752014163
4284,-0.013120412826538086
4285,0.07923150062561032
4286,-0.02835869789123545
4287,0.045128107070922796
4288,-0.0038819313049316545
4289,-0.01630568504333496
4290,-6.729872465133667
4291,-6.563186407089233
4292,-5.225163698196411
4293,-5.440844774246216
4294,-5.428340673446655
4295,-5.512596368789673
4296,-5.535600423812866
4297,-7.506812334060669
4298,-7.497791767120361
4299,-51.47343325614929
4300,-51.188085079193115
4301,-40.468652963638306
4302,-40.20275068283081
4303,-56.45023775100708
4304,-41.3791241645813
4305,-41.2739520072937
4306,-56.947747230529785
4307,-56.22940182685852
4308,-6.063103199005127
4309,-5.9983649253845215
4310,-4.739396095275879
4311,-4.75410532951355
4312,-5.427282094955444
4313,-4.689445495605469
4314,-5.019445419311523
4315,-6.778062343597412
4316,-6.482923746109009
4317,0.007028102874755828
4318,0.016523361206054618
4319,0.005878448486328078
4320,0.016243696212768548
4321,0.01662898063659663
4322,0.007146835327148389
4323,0.015564441680908148
4324,0.01545357704162596
4325,0.005587577819824132
4326,0.015382528305053704
4327,0.00832009315490719
4328,0.019171476364135687
4329,0.01903462409973139
4330,0.00823688507080072
4331,0.007305860519409147
4332,1.0424108505249026
4333,0.008451700210571275
4334,0.37296223640441895
4335,0.017969131469726562
4336,0.5775158405303955
4337,0.41628575325012207
4338,0.5635230541229248
4339,0.5682072639465332
4340,0.36600661277770996
4341,0.0013947486877440574
4342,0.9883730411529539
4343,0.3656091690063476
4344,0.3700194358825683
4345,0.013295412063598577
4346,0.3630342483520508
4347,0.16077208518981928
4348,0.5755927562713623
4349,0.7236695289611816
4350,0.16421484947204584
4351,0.5685789585113525
4352,0.012717962265014607
4353,0.014470815658569267
4354,0.3133947849273681
4355,0.30761766433715815
4356,0.15174484252929682
4357,0.013711929321289062
4358,0.31292510032653803
4359,0.0006661415100097656
4360,0.5715587139129639
4361,0.3109591007232666
4362,4.458427429190892e-05
4363,0.3104870319366455
4364,0.30749964714050293
4365,0.7231490612030029
4366,0.15033459663391108
4367,0.0013375282287597517
4368,0.139305830001831
4369,0.1255908012390136
4370,0.14176797866821284
4371,0.257422924041748
4372,0.7394073009490967
4373,0.2556164264678955
4374,0.16500067710876465
4375,0.7562868595123291
4376,0.17866277694702143
4377,0.10947132110595703
4378,0.24815869331359863
4379,0.7385895252227783
4380,0.25954651832580566
4381,0.10618782043457023
4382,0.7484457492828369
4383,0.2479634284973144
4384,0.7339580059051514
4385,0.18570184707641602
4386,0.24891281127929682
4387,0.2505311965942383
4388,0.10389137268066403
4389,0.23180866241455078
4390,0.6123106479644773
4391,0.5661582946777344
4392,0.3997342586517334
4393,0.32193470001220703
4394,0.31631970405578613
4395,0.0602803230285644
4396,0.3964219093322754
4397,0.24190950393676758
4398,0.42381787300109863
4399,0.3424251079559326
4400,0.3628249168395996
4401,0.28997087478637695
4402,0.30549001693725586
4403,0.11185884475708008
4404,0.11030411720275879
4405,0.2313556671142578
4406,0.08988547325134277
4407,0.3868048191070558
4408,0.4120388031005858
4409,-0.19343638420104986
4410,0.6898832321166992
4411,0.30416035652160645
4412,0.43584489822387695
4413,0.4002499580383301
4414,0.22109460830688477
4415,0.5652711391448976
4416,0.28856515884399414
4417,0.2555122375488281
4418,0.23004508018493652
4419,0.3399982452392578
4420,0.27083468437194824
4421,0.469653844833374
4422,0.6346056461334226
4423,0.1462087631225586
4424,0.1397383213043214
4425,0.13276243209838878
4426,-0.06801104545593262
4427,-0.17132043838500977
4428,-0.1767032146453858
4429,0.06292271614074707
4430,-0.38696885108947754
4431,0.2852208614349365
4432,0.28926753997802734
4433,0.6492958068847656
4434,0.22813296318054194
4435,0.19656348228454584
4436,0.25979995727539057
4437,0.6468520164489746
4438,0.6846737861633301
4439,0.2829766273498535
4440,0.30541372299194336
4441,0.25531005859375
4442,0.66162109375
4443,0.2814607620239258
4444,0.17340540885925287
4445,0.28356480598449707
4446,0.28444910049438477
4447,0.6925301551818848
4448,0.5912513732910156
4449,0.1933207511901855
4450,0.27740931510925293
4451,0.6366424560546875
4452,0.1442365646362304
4453,0.08553719520568848
4454,0.10352802276611328
4455,0.08853292465209955
4456,0.5000734329223633
4457,0.1551618576049804
4458,0.09182000160217285
4459,0.046771526336669866
4460,0.06210255622863764
4461,-0.004418373107910156
4462,0.06037855148315424
4463,0.4856438636779785
4464,0.07961821556091309
4465,0.03435850143432617
4466,-0.18315672874450684
4467,-0.25524258613586426
4468,-0.23714637756347662
4469,0.20409941673278809
4470,-0.12447857856750488
4471,-0.12826108932495123
4472,-0.19101047515869146
4473,-18.877903699874878
4474,-19.587329864501953
4475,-19.495326042175293
4476,-19.29360604286194
4477,-23.508368015289307
4478,-24.729539155960083
4479,-13.240060806274414
4480,-5.051505088806152
4481,-5.6170055866241455
4482,-5.543882369995117
4483,-5.638219833374023
4484,-6.697721481323242
4485,-6.7661662101745605
4486,-3.6905150413513184
4487,-5.431491851806641
4488,-5.9515907764434814
4489,-5.935301065444946
4490,-5.962417364120483
4491,-7.266676664352417
4492,-7.151139259338379
4493,-4.218969345092773
4494,-21.23972177505493
4495,-22.696284294128418
4496,-22.31790018081665
4497,-22.759889602661133
4498,-31.08108901977539
4499,-20.9660964012146
4500,-21.89377212524414
4501,-21.456075191497803
4502,-20.40503478050232
4503,-25.575098752975464
4504,-25.78115487098694
4505,-13.557884693145752
4506,-15.326284170150757
4507,-15.177445650100708
4508,-15.138029336929321
4509,-21.675089359283447
4510,-14.10129714012146
4511,-14.300961017608643
4512,-14.091901302337646
4513,-13.969797134399414
4514,-16.304451942443848
4515,-16.61221432685852
4516,-3.0649521350860596
4517,-3.4419357776641846
4518,-3.436403512954712
4519,-3.4172658920288086
4520,-3.545727014541626
4521,-3.5693607330322266
4522,-3.5022835731506348
4523,-3.5719451904296875
4524,-4.699453353881836
4525,-100.0
4526,-100.0
4527,-100.0
4528,-100.0
4529,-100.0
4530,-100.0
4531,-100.0
4532,-100.0
4533,-100.0
4534,-100.0
4535,-100.0
4536,-24.096266984939575
4537,-26.265894174575806
4538,-26.102607488632202
4539,-26.044575452804565
4540,-30.812577724456787
4541,-30.431902647018433
4542,-18.283133029937744
4543,-18.0241961479187
4544,-21.3808650970459
4545,-27.52590298652649
4546,-29.659133434295654
4547,-29.626091718673706
4548,-29.69798970222473
4549,-35.10307812690735
4550,-35.13394618034363
4551,-20.253281354904175
4552,-19.99565052986145
4553,-24.50165629386902
4554,-100.0
4555,-100.0
4556,-100.0
4557,-100.0
4558,-100.0
4559,-100.0
4560,-76.68001198768616
4561,-76.59039497375488
4562,-94.22169947624207
4563,-5.958038330078125
4564,-6.698974847793579
4565,-6.795762538909912
4566,-6.339274168014526
4567,-6.326902866363525
4568,-6.4131245613098145
4569,-5.0693628787994385
4570,-5.07839035987854
4571,-5.425717830657959
4572,-3.063821315765381
4573,-3.4779412746429443
4574,-3.5377771854400635
4575,-3.25319766998291
4576,-3.171353340148926
4577,-3.2479984760284424
4578,-2.6008567810058594
4579,-2.478994369506836
4580,-2.627084493637085
4581,-0.9891707897186279
4582,-1.0646142959594727
4583,-0.9499940872192383
4584,-1.0359742641448975
4585,-0.8375489711761475
4586,-0.988668203353882
4587,-0.6361935138702393
4588,-0.749504804611206
4589,-0.6987347602844238
4590,-6.61559534072876
4591,-7.468384742736816
4592,-7.554929494857788
4593,-7.091243028640747
4594,-7.139592409133911
4595,-7.150133371353149
4596,-5.4936628341674805
4597,-5.623310089111328
4598,-6.0999743938446045
4599,-4.179018259048462
4600,-4.828104496002197
4601,-4.735345363616943
4602,-4.449037313461304
4603,-4.461458683013916
4604,-4.459413051605225
4605,-3.4117350578308105
4606,-3.5189948081970215
4607,-3.8947885036468506
4608,-0.9678828716278076
4609,-1.0657989978790283
4610,-0.9696283340454102
4611,-0.9178836345672607
4612,-1.0049753189086914
4613,-1.0277729034423828
4614,-0.7219696044921875
4615,-0.7358508110046387
4616,-0.75791335105896
4617,-1.646432876586914
4618,-1.8713164329528809
4619,-1.866469383239746
4620,-1.6598749160766602
4621,-1.6598918437957764
4622,-1.786686897277832
4623,-1.3534917831420898
4624,-1.4020283222198486
4625,-1.44431734085083
4626,-1.2747876644134521
4627,-1.2970290184020996
4628,-1.2964487075805664
4629,-1.2402937412261963
4630,-1.2497625350952148
4631,-1.393526315689087
4632,-1.04884672164917
4633,-1.0874297618865967
4634,-1.1903483867645264
4635,-0.15793371200561526
4636,-0.1943488121032715
4637,-0.24271225929260254
4638,-0.18766880035400393
4639,-0.2368292808532715
4640,-0.1914532184600831
4641,-0.1843888759613038
4642,-0.1270005702972413
4643,-0.16613292694091805
4644,-41.99995255470276
4645,-47.80606722831726
4646,-48.145249128341675
4647,-45.38336658477783
4648,-45.62052297592163
4649,-45.45439887046814
4650,-35.340787172317505
4651,-36.56350827217102
4652,-37.48257613182068
4653,-67.43972754478455
4654,-67.657870054245
4655,-41.41281032562256
4656,-47.000794887542725
4657,-47.09990119934082
4658,-44.78127121925354
4659,-44.839653968811035
4660,-44.761253356933594
4661,-34.77660131454468
4662,-35.782822132110596
4663,-36.9763822555542
4664,-66.20574998855591
4665,-66.43939781188965
4666,-100.0
4667,-100.0
4668,-100.0
4669,-100.0
4670,-100.0
4671,-100.0
4672,-100.0
4673,-100.0
4674,-100.0
4675,-100.0
4676,-100.0
